id,highlight,beneficiarystate,schemeshorttitle,level,schemefor,nodalministryname,schemecategory,schemename,schemeclosedate,priority,slug,briefdescription,tags,upload_date
k8bCF5gB0AGc0F0iCTZ2,{},['Haryana'],PMMSYMSOFRU,State,Individual,,"['Agriculture,Rural & Environment']",Pradhan Mantri Matsya Sampada Yojana: Medium Scale Ornamental Fish Rearing Unit (Fresh Water) - Haryana,,0.0,msofru,"Under this scheme, financial assistance in the form of a subsidy is provided to eligible beneficiaries for setting up infrastructure such as sheds, breeding units, and rearing and culture tanks for ornamental fish. ","['Fish Production', 'Fish', 'Fish Farmer', 'Subsidy', 'Ornamental Aquaculture', 'Fish Rearing Unit', 'Fresh Water']",2025-11-26T22:18:29.576638
RxezF5gB5uF80_MGII8A,{},['All'],PM-KISAN,Central,Family,Ministry Of Agriculture and Farmers Welfare,"['Agriculture,Rural & Environment', 'Social welfare & Empowerment']",Pradhan Mantri Kisan Samman Nidhi,,0.0,pm-kisan,"Farmer welfare scheme by Ministry of Agriculture and Farmers Welfare to provide income support to all landholding farmers' families in the country to supplement their financial needs for procuring various inputs related to agriculture and allied activities as well as domestic needs.
","['Farmers', 'Income Support', 'Agricultural Inputs', 'Kisan', 'Agriculture']",2025-11-26T22:18:29.576638
_8a0F5gB0AGc0F0iGDMR,{},['All'],PMAGY,Central,Infra,Ministry Of Social Justice and Empowerment,"['Agriculture,Rural & Environment']",Pradhan Mantri Adarsh Gram Yojana,,0.0,pmagy,"With a view to enabling an area-based development approach, a new scheme Pradhan Mantri Adarsh Gram Yojana (PMAGY) was launched during 2009-10. The Scheme aims at the integrated development of Scheduled Castes majority villages.","['Rural Development', 'Social Justice', 'SC-majority Villages', 'Village Profiling', 'Gap-filling Fund']",2025-11-26T22:18:29.576638
iKHCF5gBXu-iUKXqCXei,{},['Haryana'],PMMSYTWIBIFV,State,Individual,,"['Agriculture,Rural & Environment']",Pradhan Mantri Matsya Sampada Yojana: Three Wheeler with Ice Box Including E-rickshaws for Fish Vending - Haryana,,0.0,twibierfv,"The scheme aims to promote hygienic and efficient fish transportation and retailing through mobile outlets. Under this scheme, financial assistance is provided to eligible beneficiaries for purchasing e-rickshaws equipped with ice boxes for selling fish directly.","['Subsidy', 'Fish', 'Fishries', 'Three Wheeler', 'Ice Box']",2025-11-26T22:18:29.576638
Dca1F5gB0AGc0F0iJDR0,{},['All'],PMKSY:PDMC,Central,Individual,Ministry Of Agriculture and Farmers Welfare,"['Agriculture,Rural & Environment']",Pradhan Mantri Krishi Sinchayee Yojana: Per Drop More Crop,,0.0,pmksypdmc,"The scheme “Pradhan Mantri Krishi Sinchayee Yojana: Per Drop More Crop” was launched by the Dept. of Agriculture & Farmers Welfare, Ministry of Agriculture & Farmers Welfare, Govt. of India on 1st July 2015. The scheme mainly focuses on water use efficiency at farm level through Micro Irrigation.","['Agriculture', 'Crop', 'Farmer', 'Irrigation', 'Water Harvesting', 'Water Management']",2025-11-26T22:18:29.576638
ZqHBF5gBXu-iUKXq_3ee,{},['Haryana'],PMMSYRVHR,State,,,"['Agriculture,Rural & Environment', 'Business & Entrepreneurship']",Pradhan Mantri Matsya Sampada Yojana: Refrigerated Vehicles – Haryana,,0.0,sfrv,"The scheme aims to enhance cold chain infrastructure & ensure hygienic and efficient fish transportation. Under this scheme, financial assistance is provided to fishers for purchasing refrigerated vehicles to maintain the freshness & quality of fish during post-harvest handling & transportation.","['Financial Assistance', 'Refrigerated Vehicle', 'Fishermen', 'Fish', 'Fish Transport']",2025-11-26T22:18:29.576638
lsbCF5gB0AGc0F0iCTbZ,{},['All'],PMMKSSY-1B,Central,Individual,"Ministry of Fisheries,Animal Husbandry and Dairying","['Agriculture,Rural & Environment', 'Banking,Financial Services and Insurance']",Pradhan Mantri Matsya Kisan Samridhi Sah-yojana (PM-MKSSY): COMPONENT 1B: One-Time Incentive for the Adoption of Aquaculture Insurance,,0.0,pmmkssy-1b,The Component 1B of PM-MKSSY provides a one-time incentive to eligible applicants who have availed institutional credit for fisheries-related activities. The objective is to encourage formal credit adoption and support the repayment capacity of fisheries microenterprises.,"['Incentive', 'Aquaculture', 'Insurance', 'Fisheries', 'Credit']",2025-11-26T22:18:29.576638
aaHCF5gBXu-iUKXqAHdl,{},['Haryana'],PMMSY-EBMRASUHR,State,Individual,,"['Agriculture,Rural & Environment']",Pradhan Mantri Matsya Sampada Yojana: Establishment of Backyard mini RAS Units - Haryana,,0.0,ebmrasuhr,"Under this scheme, financial assistance in the form of subsidies is provided to eligible beneficiaries for establishing these units. Various surface and groundwater sources such as canals, rivers, springs, open wells, and tube wells can be utilized for operating RAS units.","['Fisheries', 'Subsidy', 'Backyards', 'Water Source', 'Fish Farmer', 'Fish']",2025-11-26T22:18:29.576638
LRezF5gB5uF80_MGGY9Z,{},['All'],OTSDFPC,Central,Family,Ministry Of Home Affairs,"['Agriculture,Rural & Environment', 'Banking,Financial Services and Insurance', 'Business & Entrepreneurship', 'Housing & Shelter', 'Skills & Employment', 'Social welfare & Empowerment']",Central Assistance For One Time Settlement Of Displaced Families From PoK And Chhamb Under Prime Minister's Development Package,,0.0,otsdfpc,"A relief and rehabilitation scheme by the Ministry of Home Affairs provides central assistance to the displaced families from PoK And Chhamb and settled in the state of Jammu & Kashmir. The amount of Central Assistance of Rs. 5,49,692/- per family will be distributed through Direct Benefit Transfer.","['Rehabilitation', 'Displaced', 'Business', 'Farming', 'Jammu', 'Kashmir', 'Family']",2025-11-26T22:18:29.576638
KxezF5gB5uF80_MGGY8t,{},['All'],PMGSY,Central,Infra,Ministry Of Rural Development,"['Agriculture,Rural & Environment', 'Transport & Infrastructure']",Pradhan Mantri Gram Sadak Yojana,,0.0,pmgsy,"With the objective of providing rural connectivity, the Government of India launched the Pradhan Mantri Gram Sadak Yojana (referred to as PMGSY-I hereinafter) on 25th December 2000 to provide all-weather access to eligible unconnected habitations.","['Road', 'Rural']",2025-11-26T22:18:29.576638
fqHCF5gBXu-iUKXqB3fn,{},['Haryana'],PMMSYMCIBHR,State,Individual,,"['Agriculture,Rural & Environment', 'Business & Entrepreneurship']",Pradhan Mantri Matsya Sampada Yojana: Motor Cycle with Ice Box - Haryana,,0.0,mcwibs,"The scheme aims to strengthen fish transportation infrastructure and ensure the freshness and quality of fish during transit. Under this scheme, financial assistance is provided to fishers for purchasing motorcycles equipped with ice boxes, ensuring efficient and hygienic fish transport.","['Subsidy', 'Fishermen', 'Motorcycle', 'Fish', 'Ice Box', 'Fisheries']",2025-11-26T22:18:29.576638
gcbCF5gB0AGc0F0iADac,{},['Haryana'],PMMSYMFFMPC8TDS,State,Individual,,"['Agriculture,Rural & Environment']",Pradhan Mantri Matsya Sampada Yojana: Medium Fish Feed Mill of Production Capacity of 8 Ton/Day,,0.0,mffmpc8tds,"The scheme aims to promote fish feed self-sufficiency and affordability among fish farmers. Under this scheme, financial assistance is provided for setting up medium-sized fish feed mills with a production capacity of 8 tons per day, benefiting entrepreneurs and fish farmers.","['Subsidy', 'Fish Farmer', 'Entrepreneurs', 'Fish Production', 'Fish', 'Fish Feed', 'Mill']",2025-11-26T22:18:29.576638
gRfCF5gB5uF80_MGBZKB,{},['Haryana'],PMMSYMFFMPC2TD,State,Individual,,"['Agriculture,Rural & Environment']",Pradhan Mantri Matsya Sampada Yojana: Mini Fish Feed Mills of Production Capacity of 2 Ton /Day,,0.0,mffmpc2td,"Under this scheme, financial assistance, in form of subsidy, is provided to individuals for setting up mini feed mills, ensuring the local availability of quality fish feed at affordable prices for fishers and fish farmers.","['Fish', 'Fish Farmer', 'Fish Production', 'Entrepreneur', 'Mini Fish Feed Mill']",2025-11-26T22:18:29.576638
y6G0F5gBXu-iUKXqEXRb,{},['All'],PMFBY,Central,Individual,Ministry Of Agriculture and Farmers Welfare,"['Agriculture,Rural & Environment', 'Banking,Financial Services and Insurance']",Pradhan Mantri Fasal Bima Yojna (PMFBY),,0.0,pmfby,Pradhan Mantri Fasal Bima Yojana was launched in  2016 with the aim to support farmers by providing an affordable comprehensive risk cover for crops.,"['Crop', 'Farmer', 'Insurance', 'Agriculture', 'Premium']",2025-11-26T22:18:29.576638
98a0F5gB0AGc0F0iFTNh,{},['All'],PMMSY,Central,Infra,"Ministry of Fisheries,Animal Husbandry and Dairying","['Agriculture,Rural & Environment']",Pradhan Mantri Matsya Sampada Yojana,,0.0,pmmsy,"Introduced by the Department of Fisheries, Pradhan Mantri Matsya Sampada Yojana (PMMSY) is a scheme to bring about ecologically healthy, economically viable, and socially inclusive development of the fisheries sector of India.","['Fisheries', 'Agriculture', 'Farming']",2025-11-26T22:18:29.576638
1xe1F5gB5uF80_MGnY8M,{},['All'],NFSMCSS,Central,Individual,Ministry Of Agriculture and Farmers Welfare,"['Agriculture,Rural & Environment']",National Food Security Mission NFSM,,1.0,nfsmcss,"National Food Security Mission was launched in 2007-08 to increase the production of rice, wheat and pulses. Later, coarse cereals, nutri cereals, commercial crops (sugarcane, jute, and cotton) were also added to the mission.","['Demonstration', 'Seed Distribution', 'Seed Hub', 'Seed Production', 'Pulses', 'Rice', 'Wheat', 'Nutri Cereals', 'Millets']",2025-11-26T22:18:29.576638
fhe5F5gB5uF80_MGSZBc,{},['Meghalaya'],SAMS,State,Individual,,"['Agriculture,Rural & Environment']",Supply of Agriculture Machineries Scheme,,1.0,sams,"The objective of the scheme is to distribute and sale of agricultural machinery such as Power Tillers, etc. to farmers at subsidized rates.","['Farmer', 'Agriculture Machineries', 'Subsidy']",2025-11-26T22:18:29.576638
0aG5F5gBXu-iUKXqVHXa,{},['Meghalaya'],OMS,State,Individual,,"['Agriculture,Rural & Environment']",Organic Manure Scheme,,1.0,oms,The objective of the scheme is to provide hands on training at the village level on production of organic compost inputs such as compost for plant health management for sustainable agriculture.,"['Organic Manure', 'Farmer', 'Agriculture', 'Training']",2025-11-26T22:18:29.576638
ohe5F5gB5uF80_MGXZDL,{},['Meghalaya'],ARSLS,State,Individual,,"['Agriculture,Rural & Environment']",Agriculture Research Stations and Laboratories Scheme,,1.0,arsls,The objective of the scheme is to conduct adaptive research trials on different crops in the Research Farms and in Farmers' Field for adaptability and use of bio pesticides/bio agents.,"['Agriculture', 'Research Station', 'Laboratory', 'Farmer', 'Bio Pesticide', 'Bio Agent']",2025-11-26T22:18:29.576638
vaG5F5gBXu-iUKXqSnVK,{},['Meghalaya'],PHMS,State,Individual,,"['Agriculture,Rural & Environment']",Post Harvest Marketing Scheme,,1.0,phms,"The “Post Harvest Marketing Scheme” was launched by the Department of Agriculture & Farmers’ Welfare, Government of Meghalaya for the creation of post harvest marketing infrastructure. ","['Post Harvest', 'Marketing', 'Infrastructure', 'Farmer', 'SHG Farmers', 'Co-Operative Societies', 'FIG', 'FPO', 'Horticulture']",2025-11-26T22:18:29.576638
7cbXF5gB0AGc0F0iNzbP,{},['Rajasthan'],ABN,State,Individual,,"['Agriculture,Rural & Environment']",Anti Bird Net,,1.0,abn,"Under the Anti Bird Net Birds will never leave your garden if they are used to pecking on certain trees and plants, but if you install anti-bird nets at the appropriate places, you can prevent them from coming again to peck your plants.","['Farmer', 'Anti Bird Net', 'Farming', 'Agriculture']",2025-11-26T22:18:29.576638
AqHXF5gBXu-iUKXqx3hN,{},['Rajasthan'],WIT,State,Individual,,"['Agriculture,Rural & Environment']",Walk In Tunnel,,1.0,wit,"Under the Walk-In Tunnel, the Rajasthan government provides the benefit of a subsidy to the farmers with affordable and efficient structures that offer protection from adverse weather conditions, pests, and diseases.","['Walk In Tunnel', 'Crops', 'Agriculture']",2025-11-26T22:18:29.576638
EsbXF5gB0AGc0F0i5jfT,{},['Meghalaya'],MARVS,State,Individual,,"['Agriculture,Rural & Environment']",Meghalaya Agriculture Response Vehicle Scheme,,1.0,marvs,"The scheme “Meghalaya Agriculture Response Vehicle Scheme” was launched by the Department of Agriculture & Farmers’ Welfare, Government of Meghalaya to provide Small Commercial Vehicles and pickups at each CD Block across Meghalaya with 50% financial aid from the Government of Meghalaya.","['Agriculture', 'Response Vehicle', 'Farmer', 'Financial Aid', 'Farmers Associations', 'Entrepreneur']",2025-11-26T22:18:29.576638
C6ExGJgBXu-iUKXq7Xme,{},['Rajasthan'],KY,State,Individual,,"['Agriculture,Rural & Environment']",Krishi Yantra,,1.0,ky,"In the Krishi Yantra scheme, the farmer purchases farming-related equipment from an authorized dealer, then the state government gives a subsidy to the farmers.","['Farming', 'Farmer', 'Equipment', 'Development']",2025-11-26T22:18:29.576638
5aG5F5gBXu-iUKXqw3UP,{},['Gujarat'],APDCCSIFDS(GC),State,Individual,,"['Agriculture,Rural & Environment']",Assistance for Power Driven Chaff Cutter Scheme under Integrated Fodder Development Scheme (General Category),,1.0,apdccsifdsgc,"The scheme provides financial assistance to dairy farmers belonging to General Caste category on purchase of electric powered chaff cutters. By using power driven chaff cutter, dairy farmers can reduce wastage of green & dry fodder which is economically important for their profitable dairy farming.","['Chaff Cutter', 'Animal Husbandry', 'Dairy Farmer', 'Financial Assistance']",2025-11-26T22:18:29.576638
-ca5F5gB0AGc0F0iwTQ_,{},['Gujarat'],CSSSSCSP(SCC),State,Individual,,"['Agriculture,Rural & Environment']",Cattle Shed Subsidy Scheme under Scheduled Castes Sub Plan (SC Category) ,,1.0,csssscspscc,"The scheme “Cattle Shed Subsidy Scheme under Scheduled Castes Sub Plan (SCSP)” is implemented by the Directorate of Animal Husbandry, Government of Gujarat. Under this scheme, the financial assistance is given to Scheduled Caste beneficiaries for construction of Cattle Shed for 2 animals.","['Cattle Shed', 'Subsidy', 'Scheduled Caste', 'Animal Husbandry', 'Farmer', 'Financial Assistance']",2025-11-26T22:18:29.576638
fqHmF5gBXu-iUKXq3njF,{},['Odisha'],BEDS,State,Individual,,"['Agriculture,Rural & Environment']",Buffalo Entrepreneurship Development Scheme,,1.0,beds,"The ""Buffalo Entrepreneurship Development Scheme"" aims to enhance livestock productivity, especially among marginalized farmers in Odisha. This scheme seeks to address protein deficiency, boost nutritional status, & promote livelihood through dairy farming. ","['Farmers', 'Milk Production', 'Subsidy', 'Opportunity']",2025-11-26T22:18:29.576638
K8bZF5gB0AGc0F0i0TfE,{},['Haryana'],AAPD,State,Individual,,"['Agriculture,Rural & Environment', 'Business & Entrepreneurship']",Agricultural Activities for Persons with Disabilities,,1.0,aapd,"This scheme provides loans up to ₹10,00,000/- to the persons with disabilities for agricultural production, irrigation, horticulture, sericulture, the purchase of agricultural machinery and equipment for agricultural services, and the marketing of agricultural products etc.","['Agricultural Activities', 'PwD', 'Loan', 'Disabled Person']",2025-11-26T22:18:29.576638
GcbZF5gB0AGc0F0iUDcR,{},['Bihar'],NTKJKY,State,Individual,,"['Agriculture,Rural & Environment']",Niji Talabon Ka Jirnoddhar Ki Yojana,,1.0,ntkjky,"The government of Bihar launched the ""Niji Talabon Ka Jirnoddhar Ki Yojana"" scheme aims to enhance the water holding capacity of private ponds to boost fish productivity & production as well as provide benefits to private fish farmers through the expansion/renovation of their ponds.","['Fish Farmer', 'Productivity', 'Pond']",2025-11-26T22:18:29.576638
eqG9F5gBXu-iUKXqYnZk,{},['Tamil Nadu'],DOCSOS,State,Individual,,"['Agriculture,Rural & Environment']",Distribution of Certified Seeds-Oil Seeds,,1.0,docsos,"The ""Distribution of Certified Seeds-Oil Seeds"" scheme offers subsidies to farmers for purchasing certified oil seeds, helping them improve their crop yield and quality.

","['Agriculture', 'Farmer', 'Seed Distribution', 'Oil Seeds', 'Subsidy']",2025-11-26T22:18:29.576638
-sa-F5gB0AGc0F0iaTUQ,{},['Tamil Nadu'],ASPIE,State,Individual,,"['Skills & Employment', 'Agriculture,Rural & Environment']",Afforestation Schemes Providing Incentives And Employment To Tribals In Forest,,1.0,aspie,"This scheme offers grants to unemployed tribals for afforestation work, providing them with incentives and employment opportunities in forest operations.","['Tribal Welfare', 'Afforestation', 'Incentives', 'Employment']",2025-11-26T22:18:29.576638
0xe-F5gB5uF80_MGZZFD,{},['Tamil Nadu'],AHTN,State,Individual,,"['Agriculture,Rural & Environment']",Animal Husbandry,,1.0,ahtn,"This scheme provides subsidies on the distribution of sheep units, milch animals, and calves, as well as health coverage and artificial insemination for the animals. It is targeted at Tribal communities to improve their livelihood through animal husbandry.
","['Tribal Welfare', 'Animal Husbandry', 'Animals Health Cover', 'Artificial Insemination', 'Distribution Of Sheep Units']",2025-11-26T22:18:29.576638
o8a9F5gB0AGc0F0iYzWT,{},['Tamil Nadu'],POCS,State,Individual,,"['Agriculture,Rural & Environment']",Production Of Certified Seeds,,1.0,pocs,"The ""Production of Certified Seeds"" scheme, offers a subsidy to farmers for producing certified seeds of Pulses.
","['Agriculture', 'Farmer', 'Certified Seeds', 'Production Of Seeds']",2025-11-26T22:18:29.576638
h6G9F5gBXu-iUKXqZnZz,{},['Tamil Nadu'],OBDOPMTIG,State,Individual,,"['Agriculture,Rural & Environment']",Organizing Block Demonstration on Polythene Mulch Technology in Groundnut,,1.0,obdopmtig,"The scheme provides financial assistance to farmers for adopting polythene mulch technology in groundnut cultivation to improve productivity.
","['Agriculture', 'Farmer', 'Block Demonstration', 'Polythene Mulch Technology', 'Groundnut']",2025-11-26T22:18:29.576638
lKG9F5gBXu-iUKXqbHaM,{},['Tamil Nadu'],DOR,State,Individual,,"['Agriculture,Rural & Environment']",Distribution of Rhizobium,,1.0,dor,"The “Distribution of Rhizobium” scheme offers a subsidy on the cost of Rhizobium, to farmers raising seed farms with Pulses crops in Tamil Nadu.

","['Agriculture', 'Farmer', 'Rhizobium', 'Subsidy']",2025-11-26T22:18:29.576638
OqHbF5gBXu-iUKXq3Xh-,{},['Madhya Pradesh'],TWS,State,Individual,,"['Agriculture,Rural & Environment']",Tap Water Scheme (Nal Jal Yojana),,1.0,tws,"""Tap Water Scheme"" (नल जल योजना) by the Panchayat and Rural Development Department, Government of Madhya Pradesh aims to provide clean water in Gram Panchayat areas in an accessible manner. The application has to be made to the concerned Gram Panchayat.","['Water', 'Agriculture', 'Panchayat', 'Development', 'Rural']",2025-11-26T22:18:29.576638
9hc7GJgB5uF80_MGJJNZ,{},['Bihar'],MVYB,State,Individual,,"['Agriculture,Rural & Environment']",Makhana Vikas Yojana,,1.0,mvyb,The scheme aims to boost Makhana cultivation by providing training to farmers and financial support for traditional equipment.,"['Agriculture', 'Subsidy', 'Seed Supply', 'Financial Assistance', 'Makhana Development']",2025-11-26T22:18:29.576638
HsY7GJgB0AGc0F0iJTiQ,{},['Bihar'],MBYDFVY,State,Individual,,"['Agriculture,Rural & Environment']",Mukhyamantri Bagwani Mission: Dragon Fruit Vikas Yojana,,1.0,mbydfvy,"The scheme aims to expand dragon fruit cultivation in 21 districts of the state, providing financial assistance to ryot farmers for establishing and maintaining dragon fruit plantations.
","['Agriculture', 'Subsidy', 'Plant Supply', 'Financial Assistance', 'Dragon Fruit Development']",2025-11-26T22:18:29.576638
osbpF5gB0AGc0F0iZTeo,{},['Jharkhand'],V-VHCS,State,Individual,,"['Housing & Shelter', 'Agriculture,Rural & Environment']",Ved-Vyas Housing Construction Scheme,,1.0,v-vhcs,"The ""Ved Vyas Housing Construction Scheme"" provides financial assistance to active and traditional fish farmers in Simdega district for building houses. The scheme prioritizes individuals particularly those living in kutcha or thatched houses. ","['Housing', 'Fish Farmer', 'Disabled', 'BPL']",2025-11-26T22:18:29.576638
cBfpF5gB5uF80_MGY5NQ,{},['Tamil Nadu'],PCARDSIA,State,Individual,,"['Agriculture,Rural & Environment', 'Banking,Financial Services and Insurance']",Primary Cooperative Agriculture and Rural Development Bank: For Sericulture In Irrigated Area,,1.0,pcardsia,"The scheme provides loans to farmers for sericulture activities in irrigated areas, with a loan amount ranging from ₹49,000/- to ₹79,000/- per acre, and interest rates from 11% to 12.75%.","['Sericulture', 'Loan', 'Farmer', 'Agriculture And Rural Development Bank', 'Irrigated Area']",2025-11-26T22:18:29.576638
mhe9F5gB5uF80_MG35Ef,{},['Madhya Pradesh'],GTIAR,State,Individual,,"['Agriculture,Rural & Environment', 'Skills & Employment']",Gausevak Training (Initial and Refresher),,1.0,gtiar,"The scheme ""Gausevak Training (Initial and Refresher)"" aims to empower educated unemployed rural youth with self-employment opportunities and the skills to provide primary veterinary services in remote rural areas. A 100% stipend of ₹6,000 for initial training and ₹500 for refresher training.","['Educated', 'Unemployed', 'Youth', 'Training']",2025-11-26T22:18:29.576638
P6E9GJgBXu-iUKXqB3lt,{},['Gujarat'],ICS,State,Individual,,"['Agriculture,Rural & Environment']",Intensive Castration Scheme,,1.0,ics,"The ""Intensive Castration Scheme"" introduced by the Agriculture, Farmers Welfare and Cooperation Department, Gujarat, aims to control the stray animal population by castrating male calves and helps in reducing accidents caused by stray male animals in rural and urban areas.

","['Animal Husbandry', 'Cow', 'Low Genetic Animal']",2025-11-26T22:18:29.576638
RaE9GJgBXu-iUKXqCHkv,{},['Gujarat'],EOTMAF,State,Individual,,"['Agriculture,Rural & Environment']",Establishment of 1 to 20 Milch Animal Farm,,1.0,eotmaf,"The ""Establishment of 1 to 20 Milch Animal Farm"" scheme introduced by the Agriculture, Farmers Welfare and Cooperation Department, Gujarat, provides financial assistance in the form of an interest subsidy to livestock farmers to take up animal husbandry as a sustainable business.","['Animal Husbandry', 'Rural Employment', 'Animal Farm']",2025-11-26T22:18:29.576638
Hxc9GJgB5uF80_MGCJRL,{},['Gujarat'],KPYG,State,Individual,,"['Agriculture,Rural & Environment']",Kisan Parivahan Yojana,,1.0,kpyg,"This scheme has been introduced by the Agriculture, Farmers Welfare and Cooperation Department, Gujarat. It aims to provide financial assistance to farmers for purchasing medium-sized goods vehicles to facilitate the transportation of agricultural produce.","['Agriculture', 'Farmer', 'Heavy Farm Equipment', 'Goods Vehicles']",2025-11-26T22:18:29.576638
WqE9GJgBXu-iUKXqEHkF,{},['Gujarat'],ACFPAGC,State,Individual,,"['Agriculture,Rural & Environment']",Assistance of Concentrate Feed for Pregnant Animals (General Category),,1.0,acfpagc,"This scheme provides free BIS type II concentrate feed to pregnant cattle owned by General Category livestock owners in Gujarat to ensure their good health, boost immunity, prevent metabolic diseases, and enhance milk production.

","['Animal Husbandry', 'Pregnant Cattle', 'Milk Production']",2025-11-26T22:18:29.576638
p6HqF5gBXu-iUKXq-3hy,{},['Goa'],SPEBJ,State,Individual,,"['Transport & Infrastructure', 'Agriculture,Rural & Environment']",Subsidy to Purchase E-Bike for Journalists,,1.0,spebj,"The scheme aims to provide financial assistance to journalists in Goa for purchasing e-bikes at a subsidised rate. The benefits include making it more convenient for journalists to gather and disseminate news, with the intended beneficiaries being eligible Goa-based journalists.","['Subsidy', 'Transport', 'Journalist', 'Environment', 'Pollution', 'Road']",2025-11-26T22:18:29.576638
CRc9GJgB5uF80_MGBJSg,{},['Gujarat'],DVRSF,State,Individual,,"['Agriculture,Rural & Environment']",Diesel VAT Relief Scheme for Fishermen,,1.0,dvrsf,"The ""Diesel VAT Relief Scheme for Fishermen"" introduced by the Agriculture, Farmers Welfare and Cooperation Department, Gujarat, aims to provide financial assistance by subsidizing the VAT levied on high-speed diesel used in fishing boats. ","['Agriculture', 'Fishing Activities', 'Fishermen']",2025-11-26T22:18:29.576638
Chc9GJgB5uF80_MGBJTK,{},['Haryana'],BVBY,State,Individual,,"['Agriculture,Rural & Environment']",Bhavantar Bharpai Yojana,,1.0,bvby,"The scheme is implemented by the Department of Horticulture, Government of Haryana, aims to protect horticultural farmers from market price fluctuations and compensate them if they receive low prices for their produce in the market.","['Horticulture', 'Farmer', 'Agriculture', 'Vegetable Grower', 'Fruits', 'Vegetables', 'Incentive']",2025-11-26T22:18:29.576638
Cxc9GJgB5uF80_MGBJTh,{},['Gujarat'],SPFASAE,State,Individual,,"['Agriculture,Rural & Environment']",Scheme to Provide Financial Assistance to Farmers for Purchasing Sanedo Agricultural Equipment,,1.0,spfasae,"This scheme has been introduced by the Agriculture, Farmers Welfare and Cooperation Department, Gujarat. It aims to provide financial assistance to farmers for purchasing Sanedo (Mini Tractor) equipment, which enhances efficiency and reduces labor dependency in farming operations.","['Agriculture', 'Farmer', 'Sanedo Equipment']",2025-11-26T22:18:29.576638
Ehc9GJgB5uF80_MGBZTu,{},['Gujarat'],SAPSF,State,Individual,,"['Agriculture,Rural & Environment']",Scheme for Assistance on Purchase of Smartphone by the Farmers,,1.0,sapsf,"This scheme has been introduced by the Agriculture, Farmers Welfare and Cooperation Dept., Gujarat. It aims to provide financial assistance to farmers for purchasing smartphones, enabling them to access agricultural technology, weather updates, pest control techniques, and government assistance.","['Agriculture', 'Farmer', 'Smartphone']",2025-11-26T22:18:29.576638
VsY9GJgB0AGc0F0iFDjG,{},['Gujarat'],ACFAPSC,State,Individual,,"['Agriculture,Rural & Environment']",Assistance of Concentrate Feed After Parturition (Scheduled Caste Category),,1.0,acfapsc,"The scheme ""Assistance of Concentrate Feed After Parturition (Scheduled Caste Category)"" provides 150 kg of BIS Type II concentrate feed to Scheduled Caste Category livestock owners after parturition to support cattle health, increase milk production, and enhance calf development.

","['Animal Husbandry', 'Cattle Development', 'Milk Production', 'Concentrate Feeds']",2025-11-26T22:18:29.576638
BKG_F5gBXu-iUKXq7nfS,{},['Gujarat'],SPLFOM,State,Individual,,"['Agriculture,Rural & Environment']",Scheme on Promotion of Use of Liquid Fermented Organic Manure (LFOM) for Increasing Organic Carbon in Soil,,1.0,splfom,"The ""Scheme on Promotion of Use of Liquid Fermented Organic Manure (LFOM) for Increasing Organic Carbon in Soil"" offers financial assistance to promote the use of Liquid Fermented Organic Manure (LFOM) and enhance organic carbon levels in soil.

","['Agriculture', 'Organic Farming', 'Liquid Manure', 'Soil Health']",2025-11-26T22:18:29.576638
jsbCF5gB0AGc0F0iCTY0,{},['Haryana'],LFVCS,State,Individual,,"['Agriculture,Rural & Environment']",PMMSY: Live Fish Vending Centres Scheme - Haryana,,1.0,lfvcs,The scheme aims to support fishers by providing financial assistance for live fish vending centers. A subsidy per unit is provided under PMMSY.,"['Financial Assistance', 'Fish Farmer', 'Transportation', 'Subsidy', 'Marketing']",2025-11-26T22:18:29.576638
ksbCF5gB0AGc0F0iCTZo,{},['Haryana'],FFPPC,State,Individual,,"['Agriculture,Rural & Environment', 'Business & Entrepreneurship', 'Social welfare & Empowerment']",PMMSY: Fish Feed Plants of Production Capacity of at least 100 Ton/Day - Haryana,,1.0,sffppc,"This scheme provides capital subsidy for setting up fish feed plants with a minimum production capacity of 100 tons per day, under the Pradhan Mantri Matsya Sampada Yojana (PMMSY) to general , schedule caste and women beneficiaries .","['Fish', 'Affordable Feed', 'Capital Subsidy', 'FFPO']",2025-11-26T22:18:29.576638
Osa_F5gB0AGc0F0i9Db2,{},['Gujarat'],MMAMS,State,Individual,,"['Agriculture,Rural & Environment']",Mukhya Mantri Agricultural Mechanization Scheme,,1.0,mmams,"The ""Mukhya Mantri Agricultural Mechanization Scheme"" launched by the Agriculture, Farmers Welfare and Cooperation Department, offers financial assistance ranging from ₹1,200/- to ₹11,00,000/- to farmers in Gujarat for purchasing agricultural machinery and farm equipment.

","['Agriculture', 'Machine', 'Subsidy']",2025-11-26T22:18:29.576638
CKG_F5gBXu-iUKXq73dW,{},['Gujarat'],CWSDI,State,Individual,,"['Agriculture,Rural & Environment']",Construction of Water Storage Tanks for Drip Irrigation,,1.0,cwsdi,"The scheme provides financial assistance to farmers across Gujarat for constructing water storage tanks to support drip irrigation, with cost-sharing benefits based on farmer category.","['Agriculture', 'Drip Irrigation', 'Farmer', 'Water Tank']",2025-11-26T22:18:29.576638
f8bCF5gB0AGc0F0iADZn,{},['Haryana'],ENFFHR,State,Individual,,"['Agriculture,Rural & Environment']",PMMSY: Establishment of New Freshwater Fin Fish Hatcheries-Haryana,,1.0,enffhr,"The scheme aims to support the establishment of new freshwater finfish hatcheries. Through this scheme, financial assistance in the form of subsidies is provided to beneficiaries for setting up these hatcheries.","['Financial Assistance', 'Subsidy', 'Setting Up', 'Hatcheries']",2025-11-26T22:18:29.576638
jaHCF5gBXu-iUKXqe3cf,{},['Haryana'],SWSCFFSSAANW,State,Individual,,"['Agriculture,Rural & Environment']",Scheme for the Welfare of Schedule Caste Families in Fisheries Sector: Subsidy on Annual Auction of Notified Waters,,1.0,faotaaonw,The objective of the scheme is to provide full-time employment to individuals from Scheduled Caste families in the fisheries sector and uplift their socio-economic status by promoting fish farming through subsidization of fishing contract costs in designated water bodies. ,"['Financial Assistance', 'Subsidy', 'Auction', 'Waters', 'Fish Culture']",2025-11-26T22:18:29.576638
p6G4F5gBXu-iUKXqM3U3,{},['Goa'],FAPLLF,State,Individual,,"['Agriculture,Rural & Environment']",Financial Assistance for the Purchase of Lifejackets and Lifebuoys for Fishermen,,1.0,fapllf,"“Financial Assistance for the Purchase of Lifejackets and Lifebuoys for Fishermen” is a scheme by the Dept. of Fisheries, Govt. of Goa. Through this scheme, financial assistance amounting to ₹50% is provided by the Government to eligible fishermen for the Purchase of Lifejackets and Lifebuoys.","['Fish', 'Fishermen', 'Financial Assistance', 'Fisheries']",2025-11-26T22:18:29.576638
maG4F5gBXu-iUKXqLnXF,{},['Goa'],FAPCNFCLT26FFIW,State,Individual,,"['Agriculture,Rural & Environment']",Financial Assistance to Purchase/Construct New Fishing Craft less than 26 feet for Fishing in Inland Waters of Goa,,1.0,fapcnfclt26ffiw,"The scheme has been introduced to uplift the sizeable community of traditional Fishermen, by providing them financial help in the form of subsidy on the construction/ purchase of Fishing Craft less than 26 feet for fishing in inland waters of Goa. The applications are accepted only in offline mode.","['Fishermen', 'Fish', 'Subsidy', 'Financial Assistance']",2025-11-26T22:18:29.576638
z8a4F5gB0AGc0F0iMzQT,{},['Goa'],SIB,State,Individual,,"['Agriculture,Rural & Environment']",Supply of Insulated Boxes,,1.0,sib,"A subsidy to the extent of 75% of the cost for the purchase of an insulated box of at least 50 liters capacity. Only the fisherman engaged in selling and marketing fish, fishing at sea with a canoe, and fishing at sea with a mechanized fishing vessel with upto 6-cylinder engines are eligible.","['Fishermen', 'Fish', 'Marketing', 'Financial Assistance', 'Subsidy']",2025-11-26T22:18:29.576638
PBe3F5gB5uF80_MGrpD7,{},['Puducherry'],ASCFISCMPA,State,Individual,,"['Agriculture,Rural & Environment']",Assistance to Scheduled Caste Farmers for Installation of Submersible / Centrifugal Motor Pumpsets With Accessories,,1.0,ascfiscmpa,"Through this scheme, the farmers from the Scheduled Caste Category are provided with a grant of 90% subsidy towards the installation of suitable Submersible / Centrifugal motor pump sets with accessories, subject to a maximum of ₹60,000/‐ per tubewell per individual.","['Motor', 'Pump', 'Subsidy', 'Farmer', 'Agriculture', 'Scheduled Caste']",2025-11-26T22:18:29.576638
Qhe3F5gB5uF80_MGr5C1,{},['Meghalaya'],MHH,State,Individual,,"['Agriculture,Rural & Environment']",Maintenance of Horti Hubs,,1.0,mhh,"The objective of the scheme is to procure good quality disease-free and commercially accepted varieties of the identified flowers and multiply and, to serve as a demonstration cum training ground for those who are interested in Floriculture and who intend to make this as their means of livelihood.","['Farmer', 'Agriculture', 'Floriculture', 'Flower']",2025-11-26T22:18:29.576638
jaG4F5gBXu-iUKXqLHWe,{},['Goa'],FAPSNSRNA,State,Individual,,"['Agriculture,Rural & Environment']",Financial Assistance To Purchase Singel Net / Small Rampon Net & Its Accessories,,1.0,fapsnsrna,"The scheme “Financial Assistance To Purchase Singel Net / Small Rampon Net & Its Accessories” is a scheme by the Department of Fisheries, Government of Goa. Through this scheme, a 50% subsidy is provided to the fishermen of Goa for the purchase of Singel Net/ Small Rampon Net and its accessories.","['Fishermen', 'Fish', 'Subsidy', 'Financial Assistance', 'Marine']",2025-11-26T22:18:29.576638
Asb-F5gB0AGc0F0iVDhq,{},['Puducherry'],SPWFRPSMB-FAASCDMF,State,Individual,,"['Agriculture,Rural & Environment']",Subsidy for the Purchase of Wooden/Fiber Reinforced Plastic/Steel Mechanised Boats,,1.0,spwfrpsmb-faascdmf,"The scheme ""Subsidy for the Purchase of Wooden/Fiber Reinforced Plastic/Steel Mechanised Boats"" is introduced by the Government of Puducherry with the objective of increasing marine fish production by extending subsidies for the procurement of wooden/fiber-reinforced plastic/steel mechanized boats.","['Boat', 'Subsidy', 'Fisherman', 'Fisheries', 'Financial Assistance']",2025-11-26T22:18:29.576638
bRe4F5gB5uF80_MGMpDN,{},['All'],CDPNER:QUC:DY,Central,Individual,Ministry Of Commerce And Industry,"['Agriculture,Rural & Environment']",Coffee Development Programme in North Eastern Region: Quality Upgradation / Certification: Drying Yards,,1.0,cdpnerqucdy,"The scheme ""Quality Upgradation / Certification: Drying Yards"" aims to facilitate the improvement of the quality of coffee produced by growers by encouraging them to establish infrastructure for quality enhancement and obtain certification for their coffees, enabling them to earn better returns. ","['Agriculture', 'Farmer', 'Subsidy', 'DBT']",2025-11-26T22:18:29.576638
y8a4F5gB0AGc0F0iMjRJ,{},['All'],CDPNER:QUC:SBP,Central,Individual,Ministry Of Commerce And Industry,"['Agriculture,Rural & Environment']",Coffee Development Programme in North Eastern Region: Quality Upgradation / Certification: Supply of Baby Pulpers,,1.0,cdpnerqucsbp,"The scheme ""Supply of Baby Pulpers"" aims to facilitate the improvement of the quality of coffee produced by growers by encouraging them to establish infrastructure for quality enhancement and obtain certification for their coffees, enabling them to earn better returns.","['Agriculture', 'Farmer', 'Subsidy', 'DBT']",2025-11-26T22:18:29.576638
RxfkF5gB5uF80_MGSJMn,{},['Puducherry'],GSPV,State,Individual,,"['Agriculture,Rural & Environment']",Grant of Subsidy for Procurement of Vehicle,,1.0,gspv,"""Grant of Subsidy for Procurement of Vehicle"" aims to facilitate the quick transportation of fish catches from landing centers to marketing places, thereby preventing/minimizing spoilage of fish. It provides a 50% subsidy for the procurement of specified vehicles.","['Subsidy', 'Procurement', 'Vehicle', 'Fisheries', 'Fisherman', 'Financial Asisstance']",2025-11-26T22:18:29.576638
18bVF5gB0AGc0F0ipzaa,{},['Madhya Pradesh'],MMKUY,State,Individual,,"['Banking,Financial Services and Insurance', 'Agriculture,Rural & Environment']",Mukhya mantri Krishak Udyami Yojana,,1.0,mkuy,The objective of this scheme is to provide financial assistance to the sons and daughters of farmers to establish their businesses. the government of Madhya Pradesh provided loans to the bank for all citizens of the state.,"['Farming', 'Farmer', 'Financial', 'Loan', 'Bank']",2025-11-26T22:18:29.576638
jqG4F5gBXu-iUKXqLHXM,{},['Goa'],FAPSNA,State,Individual,,"['Agriculture,Rural & Environment']",Financial Assistance for Purchase of Stake Net and its Accessories,,1.0,fapsna,"“Financial Assistance for Purchase of Stake Net and its Accessories” is a scheme by the Dept. of Fisheries, Govt. of Goa. Under this scheme, financial assistance is provided in the form of a subsidy on the purchase of stake nets and accessories for the fishermen.","['Fishermen', 'Fish', 'Subsidy', 'Financial Assistance']",2025-11-26T22:18:29.576638
08a4F5gB0AGc0F0iMzTp,{},['Goa'],FAFVRDFPARFV,State,Individual,,"['Agriculture,Rural & Environment']",Financial Assistance to the Fish Vendors Registered with the Directorate of Fisheries to Purchase the Accessories Required for Fish Vending,,1.0,fafvrdfparfv,"Under this scheme, Financial Assistance is provided to the fish vendors for the purchase of Crates, Weighing Balance, Insulated Box, Gloves, Stools, Platforms to keep Fish/ Shed/ Umbrella, Choppers, and Other Equipment, so that the fish can reach the people in hygienic conditions.","['Fish', 'Vendor', 'Business', 'Financial Assistance', 'Subsidy']",2025-11-26T22:18:29.576638
xca4F5gB0AGc0F0iLjT-,{},['Goa'],FATPOMO2T5FFTTFC,State,Individual,,"['Agriculture,Rural & Environment']",Financial Assistance to Purchase Outboard Motor of 2HP to 5 HP for Fitting to the Fishing Canoe,,1.0,fatpomo2t5ffttfc,"“Financial Assistance to Purchase Outboard Motor of 2HP to 5 HP for Fitting to the Fishing Canoe” is a scheme by the Department of Fisheries, Government of Goa. This Scheme has been introduced to grant financial assistance in the form of a subsidy on the purchase of an outboard motor of 2HP to 5HP.","['Fishermen', 'Fish', 'Financial Assistance', 'Subsidy']",2025-11-26T22:18:29.576638
WcbgF5gB0AGc0F0i6zcE,{},['Sikkim'],SYSS,State,Individual,,"['Business & Entrepreneurship', 'Agriculture,Rural & Environment', 'Skills & Employment']",Skilled Youth Startup Scheme,,1.0,syss,Sikkim Skilled Youth Startup Scheme was launched in 2020 and is implemented by the Department of Commerce & Industries which aims at assisting the educated unemployed youth in setting up a myriad of enterprises through loans with back-ended financial subsidy assistance. ,"['Business', 'StartUp', 'Employment', 'Entrepreneurship', 'Youth']",2025-11-26T22:18:29.576638
3cb9F5gB0AGc0F0ibTfh,{},['Himachal Pradesh'],KBPYY,State,Individual,,"['Agriculture,Rural & Environment', 'Skills & Employment']",Krishak Bakri Palan Yojna,,1.0,kbpyy,"The Department of Animal Husbandry, Government of Himachal Pradesh has introduced a scheme named ""Krishak Bakri Palan Yojna"" with the aim to increase income generation opportunities for economically weaker segments of the society as well as to increase meat production.","['Goat Farming Scheme', 'Animal Husbandry', 'Financial Assistance', 'Rural Development']",2025-11-26T22:18:29.576638
Fca1F5gB0AGc0F0iJTTs,{},['Himachal Pradesh'],UPPY,State,Individual,,"['Agriculture,Rural & Environment']",Uttam Pashu Puraskar Yojana,,1.0,uppy,"The scheme “Uttam Pashu Puraskar Yojana” was launched by the Department of Animal Husbandry, Government of Himachal Pradesh to provide incentives and encouragement to livestock Owners for rearing good quality high yielding animals.","['Livestock', 'Cattle', 'Buffaloes', 'Cash Prize', 'Milk']",2025-11-26T22:18:29.576638
qaGzF5gBXu-iUKXqi3TB,{},['Assam'],MMKSSY-ASSAM,State,Individual,,"['Agriculture,Rural & Environment']",Mukhya Mantri Krishi Sa Sajuli Yozana - Assam,,1.0,mmkssy-assam,The scheme “Mukhya Mantri Krishi Sa Sajuli Yojana” is a State Owned Priority Development (SOPD) scheme for farmers launched by the Assam government in FY 2018-19.  The main purpose of launching this scheme for farmers is their holistic development by implementing several farm mechanization schemes.,"['Farmer', 'Agriculture', 'Direct Benefit Transfer', 'Financial Assistance', 'Farm Tools']",2025-11-26T22:18:29.576638
RKG2F5gBXu-iUKXqIHUr,{},['Assam'],CCTOFP,State,Individual,,"['Agriculture,Rural & Environment']",Community Canning & Training On Fruit Preservation,,1.0,cctofp,"The office of the Deputy Director of Agriculture (Fruit Preservation) Assam was
created in 1978, under the Directorate of Agriculture and in 2008 it was transferred to the Directorate of Horticulture and Food Processing.","['Fruit Preservation', 'Community Canning', 'Training']",2025-11-26T22:18:29.576638
3KH9F5gBXu-iUKXquHh7,{},['All'],IPWCCB,Central,Individual,"Ministry Of Environment,forests and climate change","['Education & Learning', 'Agriculture,Rural & Environment']",Internship Programme Of The Wildlife Crime Control Bureau (MoEFCC),,1.0,ipwccb,Internship at Wildlife Crime Control Bureau (WCCB) provides an excellent opportunity for students/researchers to familiarize themselves with various issues related to wildlife & the functioning of WCCB. The intern shall have an orientation session and would be assigned specific areas of work.,"['Internship', 'Wildlife', 'Crime', 'Student', 'Environment']",2025-11-26T22:18:29.576638
36G1F5gBXu-iUKXqInRL,{},['Gujarat'],SSE25KRBUST,State,Individual,,"['Agriculture,Rural & Environment', 'Business & Entrepreneurship']",Subsidy Scheme On Establishment Of - 25 Kadaknath/R.I.R. Birds Unit To Scheduled Tribes,,1.0,sse25krbust,"The scheme “Subsidy Scheme on Establishment of - 25 Kadaknath/R.I.R. Birds Unit to Scheduled Tribes” was launched by the Dept. of Agriculture, Farmers Welfare & Co-operation, Govt. of Gujarat to provide employment, nutritious diet and to raise the income of Scheduled Tribe People of Gujarat State.","['Poultry Farming', 'Scheduled Tribe', 'Subsidy', 'Kadaknath', 'Financial Assistance', 'Rhode Island Red (RIR)']",2025-11-26T22:18:29.576638
K6G2F5gBXu-iUKXqHHXH,{},['Gujarat'],IOAIBFCPBIC,State,Individual,,"['Agriculture,Rural & Environment']",Incentive To Owners Of Artificial Insemination Born Female Calf Through Pure Breeding In Indigenous Cow,,1.0,ioaibfcpbic,"The scheme “Incentive to Owners of Artificial Insemination Born Female Calf through Pure Breeding in Indigenous Cow” was started by the Department of Agriculture, Farmers Welfare & Co-operation, Government of Gujarat.","['Incentive', 'Artificial Insemination', 'Indigenous Cow', 'Livestock']",2025-11-26T22:18:29.576638
yBe1F5gB5uF80_MGKY_q,{},['Gujarat'],SSIEEMAF,State,Individual,,"['Agriculture,Rural & Environment']",Scheme For Subsidy On Interest For Establishment Of 1 To 20 Milch Animal Farm,2023-06-15,1.0,ssieemaf,"The scheme “Scheme for Subsidy on Interest for Establishment of 1 to 20 Milch Animal Farm for the State Cattle Breeders” was started by the Dept. of Agriculture, Farmers Welfare & Co-operation, Government of Gujarat.","['Animal Husbandry', 'Subsidy', 'Farmer', 'Cattle Farming', 'Loan']",2025-11-26T22:18:29.576638
wcbTF5gB0AGc0F0iQDbX,{},['Rajasthan'],ITG,State,Individual,,"['Agriculture,Rural & Environment', 'Women and Child']",Incentive To Girls,,1.0,itg,"Rajasthan State started a scheme ""Incentive for Girls"" for state students.","['Financial Assistance', 'Girl Education', 'Empowerment', 'Higher Education']",2025-11-26T22:18:29.576638
_xe2F5gB5uF80_MGHY-3,{},['Karnataka'],Madilu,State,Individual,,"['Agriculture,Rural & Environment']",Madilu Kit,,1.0,madilu,"The Madilu Programme is a government initiative focused on empowering rural communities through skill development and entrepreneurship opportunities.
It aims to create sustainable livelihoods, reduce poverty, and enhance social and economic well-being in rural areas.","['Skill Development', 'Entrepreneurship', 'Livelihoods', 'Poverty Reduction']",2025-11-26T22:18:29.576638
bqHcJ5gBXu-iUKXq_3lV,{},['Gujarat'],PPYGSKVN,State,Individual,,"['Agriculture,Rural & Environment', 'Banking,Financial Services and Insurance']",Pashu Palan Yojana (GSKVN),,1.0,ahsgskvn,"Under this scheme, loans of up to ₹1,00,000 are provided to sanitation workers and their dependents at an interest rate of 6% for self-employment in animal husbandry or related activities.","['Loan', 'Animal Husbandry', 'Sanitation Worker', 'Self-employment', 'Scavenger']",2025-11-26T22:18:29.576638
OBf3HJgB5uF80_MG55QH,{},['Gujarat'],APVCRRM,State,Individual,,"['Agriculture,Rural & Environment']",Assistance for Planting Vegetable Crops for Raw and Ripe Mandap,,1.0,apvcrrm,"The scheme provides financial assistance to farmers in Gujarat for setting up vegetable trellises (Mandap) for raw, semi-ripe, and ripe vegetables, with varying support for General, SC, and ST farmers.

","['Vegetable Crops', 'Farmer', 'Raw And Ripe Mandap']",2025-11-26T22:18:29.576638
YMYEJ5gB0AGc0F0iFzh4,{},['Assam'],AITH-ATISIS,State,Individual,,"['Banking,Financial Services and Insurance', 'Agriculture,Rural & Environment']","""Agricultural Income Tax Holiday"" under the ""Assam Tea Industries Special Incentives Scheme""",,1.0,aith-atisis,"The scheme aims to ensure long-term financial sustainability of the Tea industry and to incentivize manufacturers to move from Crush, Tear, Curl tea to Orthodox tea production. The scheme is implemented by the Finance Department and the Industries & Commerce Department, Government of Assam.","['Holiday', 'Tea', 'Income Tax', 'Incentive', 'Industry']",2025-11-26T22:18:29.576638
Y6HlHJgBXu-iUKXqDXko,{},['Gujarat'],SFUGP,State,Individual,,"['Agriculture,Rural & Environment']",Scheme for Upgradation of Gaushala/ Panjrapole,,1.0,sfugp,"The ""Scheme for Upgradation of Gaushala/ Panjrapole""  aims to promote indigenous cow breeds and make cow rearing economically viable.

","['Agriculture', 'Animal Husbandry', 'Cattle Development']",2025-11-26T22:18:29.576638
PhfhJ5gB5uF80_MGQZTE,{},['Gujarat'],PASHUPALANGBCDC,State,Individual,,"['Agriculture,Rural & Environment', 'Banking,Financial Services and Insurance']",Pashupalan (GBCDC),,1.0,pashupalangbcdc,The scheme aims to provide an amount for animal husbandry activities. Low-interest loans are provided to Pashu Palaks.,"['Cow', 'Buffalo', 'Agriculture Activities', 'Loan']",2025-11-26T22:18:29.576638
j6HkXpgBXu-iUKXqUXlK,{},['Bihar'],KIAY,State,Individual,,"['Agriculture,Rural & Environment']",Krishi Input Anudan Yojana,,1.0,kiay,"The scheme aims to provide agricultural input subsidies in affected areas due to the rise in water levels of rivers like Ganga and Kosi and flood-related crop damage from heavy rainfall.

","['Agriculture', 'Subsidy', 'Crops Damage', 'Financial Assistance', 'Crop Insurance']",2025-11-26T22:18:29.576638
cBfIeZgB5uF80_MGPpRz,{},['Uttarakhand'],MRKVY,State,Individual,,"['Agriculture,Rural & Environment']",Mukhyamantri Rajya Krishi Vikas Yojana,,1.0,mrkvy,"The scheme aims to enhance sugarcane cultivation through grants for seed production, machinery, pest control, and training. Through this scheme, various financial grants and support services are provided to sugarcane farmers and related agricultural entities.","['Sugarcane', 'Seed Production', 'Seed Transportation', 'Bio Fertilizers', 'Micronutrients', 'Agricultural Mechinery', 'Pest Control']",2025-11-26T22:18:29.576638
cxdDf5gB5uF80_MGjpSw,{},['Gujarat'],PMMSYCNGPGUJ,State,Individual,,"['Agriculture,Rural & Environment']",Pradhan Mantri Matsya Sampada Yojana (PMMSY-Inland): Construction of New Grow-out Pond - Gujarat,,1.0,pmmsycngpguj,The scheme aims to enhance fish production and provide employment through inland fisheries. It offers financial support to construct new grow-out ponds for eligible beneficiaries.,"['Fish Farming', 'Construction', 'Ponds', 'Freshwater Hatcheries']",2025-11-26T22:18:29.576638
iRcso5gB5uF80_MG0JTI,{},['Gujarat'],SFIDFH,State,Individual,,"['Agriculture,Rural & Environment']",Scheme for Integrated Development for Horticulture (HRT-2),,1.0,sfidfh,"The scheme ""Scheme for Integrated Development for Horticulture (HRT-2)"" aims to promote holistic horticultural growth through financial assistance for production, processing, marketing, and infrastructure support to farmers across Gujarat.","['Horticulture', 'Farm Mechanization', 'Greenhouse Subsidy', 'Crop Protection', 'Post Harvest Management']",2025-11-26T22:18:29.576638
wMar25gB0AGc0F0iwTj3,{},['Gujarat'],NMOEPPM,State,Individual,,"['Agriculture,Rural & Environment']",National Mission on Edible Oil–Oil Palm: Planting Materials,,1.0,nmoeppm,"The scheme component ""Planting Materials"" launched under the ""National Mission on Edible Oil–Oil Palm"" scheme aims to increase oil palm production in the state and reduce dependency on imports through financial assistance to farmers for procuring planting materials.","['Edible Oil', 'Oil Palm', 'Planting Materials', 'Imported Plant', 'Seedlings', 'Subsidy']",2025-11-26T22:18:29.576638
kRdVu5gB5uF80_MGJJSn,{},['Gujarat'],ATMFCVC,State,Individual,,"['Agriculture,Rural & Environment']",Assistance in Trellise Mandap for Cultivation of Vegetable Crops,,1.0,atmfcvc,"The scheme ""Assistance in Trellise Mandap for Cultivation of Vegetable Crops"" aims to promote structured vegetable farming through the provision of financial assistance for constructing kachha/semi-pucca/pucca trellis mandaps to all farmers across the state.","['Agriculture', 'Vegetable Farming', 'Trellis Mandap', 'Farming Infrastructure']",2025-11-26T22:18:29.576638
wsat25gB0AGc0F0idDjf,{},['Gujarat'],NMOEN,State,Individual,,"['Agriculture,Rural & Environment']",National Mission on Edible Oil- Oil Palm: Nursery,,1.0,nmoen,"The scheme component ""Nursery"" launched under the ""National Mission on Edible Oil–Oil Palm"" scheme aims to increase the production of oil palm in the state and reduce dependence on imports through providing subsidy assistance for setting up nurseries for farmers.

","['Edible Oil', 'Nursery', 'Farmer', 'Subsidy']",2025-11-26T22:18:29.576638
lRdX1ZgB5uF80_MG05QW,{},['Gujarat'],IHDPTAF,State,Individual,,"['Agriculture,Rural & Environment']",Integrated Horticulture Development Program for Tribal Area Farmers (TASP) HRT-3,,1.0,ihdptaf,"The scheme ""Integrated Horticulture Development Program for Tribal Area Farmers (TASP) HRT-3"" by the Agriculture and Co-operation Department, Government of Gujarat, aims to enhance the horticulture sector through financial assistance and subsidies to tribal area farmers across the state.","['Horticulture', 'Tribal Farmers', 'Farm Mechanization', 'Post Harvest Management', 'Subsidy']",2025-11-26T22:18:29.576638
rhcO9ZgB5uF80_MGcZQU,{},['Gujarat'],PMMSYC2GUJ,State,Individual,,"['Agriculture,Rural & Environment']",PMMSY: Construction of  Plant/Storage of Minimum 20 Tonne Capacity - Gujarat,,1.0,pmmsyc2guj,"The scheme aims to provide financial support for the construction of 20-tonne capacity ice plant/storage units, ensuring hygienic fish storage and improving the income of beneficiaries.","['Construction Of Plant', 'Storage', 'Fish', 'Fishermen', 'Fish Sellers', '20 Tonne']",2025-11-26T22:18:29.576638
rxcS9ZgB5uF80_MGm5Rd,{},['Gujarat'],PMMSYCP3GUJ,State,Individual,,"['Agriculture,Rural & Environment']",PMMSY: Construction of  Plant/Storage of Minimum 30 Tonne Capacity - Gujarat ,,1.0,pmmsycp3guj,"The scheme aims to strengthen fish storage infrastructure for hygienic preservation. Through this scheme, beneficiaries receive financial assistance for constructing 30-tonne capacity plants or storage units.","['Construction Of Plant', 'Storage', 'Fishermen', 'Fish Sellers']",2025-11-26T22:18:29.576638
0KHf9JgBXu-iUKXqmnmR,{},['Gujarat'],DSMPHSFCCLOMUK,State,Individual,,"['Agriculture,Rural & Environment']",Distribution of Seeds of more productions varieties/ Hybrids varieties Seeds and fertilizer at subsidies etc. to Adivasi farmers in Tribal Area: Castor cake/Neem cake/ Liquid Fermented Organic Manure / Green manure seed (For mix in the soil) Gujarat,,1.0,dsmphsfcclomuk,"The scheme aims to help tribal farmers improve their livelihood by increasing agricultural crop production. Through this scheme, subsidies are provided on high-yield and hybrid seeds, fertilizers, and other agricultural inputs to Scheduled Tribe farmers.","['Adivasi Farmers', 'Crop Production', 'Livelihood', 'Castor Cake', 'Fertilizer', 'Subsidies']",2025-11-26T22:18:29.576638
txdt_pgB5uF80_MGl5TD,{},['Gujarat'],DSPVSFWCPLGUJ,State,Individual,,"['Agriculture,Rural & Environment']",Distribution of Seeds of more productions varieties/ Hybrids varieties Seeds and fertilizer at subsidies etc. to Adivasi farmers in Tribal Area: Water Carrying Pipe Line (TASP & OTASP) Gujarat,,1.0,dspvsfwcplguj,"The scheme aims to improve the agricultural productivity of Scheduled Tribe farmers through subsidized seeds, fertilizers, and equipment. It provides direct support to tribal farmers for enhancing crop production and livelihood.","['Adivasi Farmers', 'Crop Production', 'Livelihood', 'Fertilizer', 'Subsidies', 'Water Carrying Pipeline']",2025-11-26T22:18:29.576638
16Ft_pgBXu-iUKXqY3k0,{},['Gujarat'],DSMPVHVSTGUJ,State,Individual,,"['Agriculture,Rural & Environment']",Distribution of Seeds of more productions varieties/ Hybrids varieties Seeds and fertilizer at subsidies etc. to Adivasi farmers in Tribal Area: Tarpaulin Gujarat,,1.0,dsmpvhvstguj,"The scheme aims to enhance crop production and livelihood. It provides subsidies on seeds, fertilizers, tarpaulins, and other agricultural inputs to Scheduled Tribe farmers.","['Adivasi Farmers', 'Crop Production', 'Livelihood', 'Seeds', 'Fertilizer', 'Subsidies', 'Tarpaulin']",2025-11-26T22:18:29.576638
-catLpkB0AGc0F0ihzjj,{},['Gujarat'],PMMSYFVGUJ,State,Individual,,"['Agriculture,Rural & Environment']",PMMSY: Three wheeler with Ice Box including e-rickshaws for fish vending - Gujarat ,,1.0,pmmsyfvguj,"The scheme aims to strengthen fish storage infrastructure for hygienic preservation. Through this scheme, beneficiaries receive financial assistance for a three-wheeler with an Ice Box, including e-rickshaws for fish vending.","['Construction Of Plant', 'Storage', 'Fishermen', 'Fish Sellers']",2025-11-26T22:18:29.576638
-sauLpkB0AGc0F0iozjh,{},['Gujarat'],PMMSYICEBOXGUJ,State,Individual,,"['Agriculture,Rural & Environment']",PMMSY: Motorcycle with Ice Box - Gujarat,,1.0,pmmsyiceboxguj,"The scheme aims to provide financial assistance for the purchase of motorcycles with ice boxes. Through this scheme, eligible beneficiaries receive subsidies to enhance their livelihood opportunities.","['Construction Of Plant', 'Storage', 'Fishermen', 'Fish Sellers']",2025-11-26T22:18:29.576638
PKFYmpkBXu-iUKXqB3pL,{},['Gujarat'],PMMSYSADSVTGUJ,State,Individual,,"['Agriculture,Rural & Environment']",PMMSY: Support for Acquisition of Deep Sea Fishing Vessels for Traditional Fishermen - Gujarat ,,1.0,pmmsysadsvtguj,"The scheme aims to strengthen fish storage infrastructure for hygienic preservation. Through this scheme, beneficiaries receive financial assistance for the support for acquisition of deep-sea fishing vessels for traditional fishermen.","['Construction Of Plant', 'Storage', 'Traditional Fishermen', 'Fish Sellers', 'Support For Acquisition Of Deep Sea Fishing Vessels']",2025-11-26T22:18:29.576638
ZMaY4ZkB0AGc0F0iMzmi,{},['Goa'],COPY OF DMF-ACIVCU,State,Individual,,"['Agriculture,Rural & Environment']",Development of Manures & Fertilizers: Assistance for Construction/Installation of Vermi-Compost Units,,1.0,copy-of-dmf-acivcu,"The ""Vermi-compost Units"" component of the scheme aims to convert available on-field and farm waste material into chemical-free farm resources as farm input for organic farming through vermicomposting processes. The payment of the sanctioned subsidy is through Electronic Clearance System (ECS).","['Agriculture', 'Farmer', 'Crop', 'Soil', 'Plant']",2025-11-26T22:18:29.576638
UqGk45kBXu-iUKXqXnqI,{},['Madhya Pradesh'],CDCWRFV,State,Individual,,"['Agriculture,Rural & Environment']",Compensation for Crop Damage Caused by Wildlife (in Revenue and Forest Villages),,1.0,rccdcwrfv,"The scheme aims to provide timely financial assistance to farmers for crop damage caused by wildlife, assessed and compensated within 30 working days as per revenue book circular guidelines.","['Farmer', 'Financial Relief', 'Wild Animal', 'Crops']",2025-11-26T22:18:29.576638
asZp8pkB0AGc0F0iyDnq,{},['Goa'],MSKS,State,Individual,,"['Agriculture,Rural & Environment']",Mukhyamantri Sudharit Kamdhenu Scheme,,1.0,msks,"The scheme aims to help the farmers to get financial assistance for the purchase of cross bred cows, improved she buffaloes and cows of indigenous breeds namely Sahiwal, Gir, Red Sindhi, Rathi and Tharparkar for their Dairy Unit, to promote self employment in the Dairy Sector.","['Farmer', 'Youth', 'Dairy', 'Subsidy', 'Cattle']",2025-11-26T22:18:29.576638
bMZ7B5oB0AGc0F0iPTlp,{},['Madhya Pradesh'],RFCP,State,Individual,,"['Agriculture,Rural & Environment']",Registration for Crop Procurement,,1.0,rfcp,The scheme aims to ensure fair crop prices for farmers by facilitating government procurement and provides easy online registration for landholding farmers to sell their crops at minimum support price. ,"['Farmer', 'Financial Assistance', 'Crop', 'Procurement', 'Grain']",2025-11-26T22:18:29.576638
QxcNCpoB5uF80_MGmpWE,{},['Gujarat'],IDDSG,State,Individual,,"['Agriculture,Rural & Environment']",Integrated Dairy Development Scheme Gujarat,,1.0,iddsg,"Under this scheme, tribal women beneficiaries are provided with milch cattle, dairy equipment, and financial assistance of up to ₹90,000 per unit.","['Financial Assistance', 'Women', 'Animal Husbandry', 'Subsidy']",2025-11-26T22:18:29.576638
cKFcJJoBXu-iUKXqc3qw,{},['Uttarakhand'],TPEDB,State,Individual,,"['Skills & Employment', 'Agriculture,Rural & Environment']",Training Programme for Entrepreneurship Development in Biotechnology,,1.0,tpedb,"The scheme aims to train youth in biotechnology and develop entrepreneurial skills by providing technical knowledge, mentorship, and guidance to help them initiate biotech startups.","['Training Program', 'Entrepreneurship Development', 'Biotechnology', 'Student', 'Researcher']",2025-11-26T22:18:29.576638
s8awTpoB0AGc0F0iajmh,{},['Uttarakhand'],MPUK,State,Individual,,"['Agriculture,Rural & Environment', 'Business & Entrepreneurship']",Machhali Palan,,1.0,fishfarminguk,"The scheme aims to provide financial support to fishermen for repairing, reconstructing, and replacing damaged boats and nets due to disasters. ","['Fish Farming', 'Fishermen', 'Boat', 'Net', 'Fish Seed Farm']",2025-11-26T22:18:29.576638
aBezF5gB5uF80_MGi49q,{},['Gujarat'],KM,State,Individual,,"['Agriculture,Rural & Environment', 'Education & Learning']",Krushi Mahotsav,,1.0,km,The Krishi Mahotsav Yojana is an agricultural development scheme launched by the Government of Gujarat in the year 2010. The scheme aims to boost agricultural productivity and increase the income of farmers in the state. ,"['Education', 'Agriculture', 'Famers', 'Training', 'Scientific Farming', 'Farm Mechanization']",2025-11-26T22:18:29.576638
-Be2F5gB5uF80_MGHY85,{},['Arunachal Pradesh'],CNKGS,State,Individual,,"['Agriculture,Rural & Environment']",Cluster Nutritional Kitchen Garden Scheme,,1.0,cnkgs,The Cluster Nutritional Kitchen Garden Scheme (CNKGS) is an initiative launched by the government of Arunachal Pradesh to promote self-sufficiency and improve nutritional needs by encouraging the establishment of kitchen gardens.,"['Malnutrition', 'Vegetable Cultivation', 'Livestock Rearing']",2025-11-26T22:18:29.576638
5qG1F5gBXu-iUKXqJHSa,{},['Arunachal Pradesh'],APDS,State,Individual,,"['Agriculture,Rural & Environment']",Arun Pig Development Scheme,,1.0,apds,"The scheme “Arun Pig Development Scheme” was launched by the Department of Animal Husbandry, Veterinary & Dairy Development, Government of Arunachal Pradesh in the financial year 2019-20 with a focus on pig rearing.","['Pig Farming', 'Farmer', 'Self Help Group (SHG)', 'Subsidy', 'Entrepreneur']",2025-11-26T22:18:29.576638
rxe1F5gB5uF80_MGI4_O,{},['Gujarat'],SSEGU10STW,State,Individual,,"['Agriculture,Rural & Environment', 'Business & Entrepreneurship', 'Women and Child']",Subsidy Scheme For Establishment Of Goat Unit (10+1) For Scheduled Tribe Women,,1.0,ssegu10stw,"The scheme “Subsidy Scheme for Establishment of Goat Unit (10+1) for Scheduled Tribe Women” was launched by the Department of Agriculture, Farmers Welfare & Co-operation, Government of Gujarat to uplift Economically poor livestock breeders of Gujarat State.","['Scheduled Tribe', 'Woman', 'Subsidy', 'Milk Production', 'Goat']",2025-11-26T22:18:29.576638
Csa1F5gB0AGc0F0iJDQ3,{},['Chhattisgarh'],MVP,State,Individual,,"['Agriculture,Rural & Environment']",Mukhyamantri Vriksharopan Protsahan Yojana,,1.0,mvp,Chhattisgarh Mukhyamantri Vriksharopan Protsahan Yojana has been started by the Government of Chhattisgarh with the aim of conserving the environment and doubling the income of the farmers by promoting tree plantation in the state.,"['Agriculture', 'Plantation', 'Commercial Plantation']",2025-11-26T22:18:29.576638
C8a1F5gB0AGc0F0iJDQ9,{},['Telangana'],LICF,State,Individual,,"['Agriculture,Rural & Environment', 'Banking,Financial Services and Insurance']",₹ 5 Lakh Insurance Cover To Farmers,,1.0,farmer-insurance,"Launched on 15 August 2018, the scheme ""₹5 Lakh Insurance Cover for Farmers"" is an Insurance Scheme by the Department of Agriculture, Government of Telangana. This scheme provides ₹5 lakh insurance coverage to all farmers aged between 18 and 60 years.","['LIC', 'Insurance Coverage', 'Financial', 'Security']",2025-11-26T22:18:29.576638
Hca1F5gB0AGc0F0iJjRC,{},['Gujarat'],SSPFTWS,State,Individual,,"['Agriculture,Rural & Environment', 'Skills & Employment']",Stipend Scheme For Poultry Farming Training For Weaker Section,,1.0,sspftws,"The scheme “Stipend Scheme for Poultry Farming Training for Weaker Section” was launched by the Department of Agriculture, Farmers Welfare & Co-operation, Government of Gujarat to raise the income of poultry farmers by scientific poultry farming training.","['Poultry Farming', 'Training', 'Weaker Section', 'Stipend', 'Cash Assistance']",2025-11-26T22:18:29.576638
8qG1F5gBXu-iUKXqJnQw,{},['Arunachal Pradesh'],Anky,State,Individual,,"['Agriculture,Rural & Environment']",Atma Nirbhar Krishi Yojana,,1.0,anky,Atma Nirbhar Krishi Yojana (ANKY) is a scheme launched by the Arunachal Pradesh government to boost the agriculture sector. It provides financial assistance to farmers for various agricultural activities,"['Sustainability', 'Empowerment', 'Farmers']",2025-11-26T22:18:29.576638
O6G2F5gBXu-iUKXqHnXh,{},['Madhya Pradesh'],NAIP,State,Individual,,"['Agriculture,Rural & Environment']",Nationwide Artificial Insemination Programme,2022-05-31,1.0,naip,"The Nationwide Artificial Insemination Programme (NAIP), is a flagship program of the Department of Animal Husbandry and Dairying. The objective of the programme is to increase the productivity of livestock by improving the genetic potential through artificial insemination. ","['Livestock', 'Animal', 'Veterinary', 'Artificial Insemination', 'Breeding']",2025-11-26T22:18:29.576638
FMa1F5gB0AGc0F0iJTTA,{},['Bihar'],BRFSY,State,Individual,,"['Agriculture,Rural & Environment']",Bihar Rajya Fasal Sahayata Yojna,,1.0,brfsy,"The scheme strives to back the farmers with financial incentives in the event of a crop loss due to natural calamities.
","['Financial Assistance', 'Natural Disaster', 'Farmer Welfare', 'Crop Assistance']",2025-11-26T22:18:29.576638
4qG1F5gBXu-iUKXqJHQd,{},['Gujarat'],SSIEMAFSC,State,Individual,,"['Agriculture,Rural & Environment']",Scheme For Subsidy On Interest For Establishment Of 1 To 20 Milch Animal Farm For Scheduled Caste,,1.0,ssiemafsc,"The scheme “Scheme for Subsidy on Interest for Establishment of 1 to 20 Milch Animal Farm for Scheduled Caste” was started by the Dept. of Agriculture, Farmers Welfare & Co-operation, Government of Gujarat. ","['Cattle Farming', 'Subsidy', 'Scheduled Caste', 'Loan', 'Animal Husbandry']",2025-11-26T22:18:29.576638
sxe1F5gB5uF80_MGJI_g,{},['Gujarat'],SSE40RBUDP,State,Individual,,"['Agriculture,Rural & Environment', 'Business & Entrepreneurship']",Subsidy Scheme On Establishment Of 40 R.I.R. Birds Unit For Divyang People,,1.0,sse40rbudp,"The scheme “Subsidy Scheme on Establishment of 40 R.I.R. Birds Unit for Divyang People” was launched by the Dept. of Agriculture, Farmers Welfare & Co-operation, Govt. of Gujarat to provide employment, nutritious diet and to raise the income of Divyang People of the society of Gujarat State.","['Poultry Farming', 'Divyang', 'Subsidy', 'Rhode Island Red (RIR)', 'Employment']",2025-11-26T22:18:29.576638
-6G6F5gBXu-iUKXqRHUX,{},['Puducherry'],RRCGCDB,State,Individual,,"['Agriculture,Rural & Environment']","Replanting & Rejuvenation of Coconut Garden"" by the Coconut Development Board",,1.0,rrcgcdb,"Through the scheme “Replanting & Rejuvenation of Coconut Garden (R&R)"" by the Coconut Development Board, the coconut farmers are provided financial assistance through DBT (Direct Benefit Transfer) mode for the cutting & removal, replanting, and for integrated management practices.","['Plant', 'Garden', 'Coconut', 'Seed', 'Financial Assistance', 'Farmer']",2025-11-26T22:18:29.576638
uKG5F5gBXu-iUKXqSXX_,{},['Puducherry'],BEISPGCCPTS,State,Individual,,"['Agriculture,Rural & Environment']","""Back Ended Investment Subsidy to Paddy Growers"" component of the ""Crop Production Technology"" scheme",,1.0,beispgccpts,"""Back Ended Investment Subsidy to Paddy Growers"" component of the ""Crop Production Technology"" scheme was introduced by the Dept of Agriculture and Farmer's Welfare, UT of Puducherry. The paddy farmers residing in the Yanam region are provided a back-ended investment subsidy at ₹4,000/- per hectare.","['Paddy', 'Subsidy', 'Financial Assistance', 'Farmer', 'Agriculture']",2025-11-26T22:18:29.576638
16G5F5gBXu-iUKXqX3UZ,{},['Meghalaya'],ITEAMS,State,Individual,,"['Agriculture,Rural & Environment']",Integrated Technology Enabled Agriculture Management System Or iTEAMS,,1.0,iteams,"The scheme was launched by the Department of Agriculture & Farmers’ Welfare, Govt. of Meghalaya to address critical issues of enabling & facilitating access to remunerative & sustainable markets for farmers produce in most transparent & effective manner through facilitation service iTEAM Dial 1917.","['ITEAMS', 'Integrated Technology', 'Agriculture Management System', 'Farmer', 'Telephone Advice']",2025-11-26T22:18:29.576638
hRe5F5gB5uF80_MGSpAn,{},['Meghalaya'],IPM,State,Individual,,"['Agriculture,Rural & Environment']",Plant Protection including Integrated Pest Management Scheme,,1.0,ipm,The objective of the scheme is to mobilize and support farmers to use bio-pesticides and bio- agents for plant health management through distribution of bio-pesticides and other IPM tools and through sale of Sprayers and Plant Protection Equipment to encourage organic crop production.,"['Plant Protection', 'Pest Management', 'Agriculture', 'Farmer', 'Bio-pesticide', 'IPM', 'Organic Crop']",2025-11-26T22:18:29.576638
gBe5F5gB5uF80_MGSZCN,{},['Puducherry'],IFPISBTCDB,State,Individual,,"['Agriculture,Rural & Environment']","""Integrated Farming for Productivity Improvement Scheme"" by the Coconut Development Board",,1.0,ifpisbtcdb,"Through the “Integrated Farming for Productivity Improvement Scheme"" by the Coconut Development Board, the coconut farmers are provided financial assistance through DBT (Direct Benefit Transfer) mode for the Laying of the Demonstration Plot, and for the Construction of the Organic Manure Unit.","['Manure', 'Construction', 'Farmer', 'Subsidy', 'DBT']",2025-11-26T22:18:29.576638
exe5F5gB5uF80_MGSJDo,{},['Meghalaya'],IATC,State,Individual,,"['Agriculture,Rural & Environment']",Integrated Agriculture Training Centre Scheme,,1.0,iatc,The objective of the scheme is to provide training for enhancing the skills of farmers besides imparting updated agricultural technologies to departmental functionaries. ,"['Integrated Agriculture', 'Training Centre', 'Farmer', 'Skill', 'Training']",2025-11-26T22:18:29.576638
nRe5F5gB5uF80_MGUZBu,{},['Meghalaya'],BCLPTLS,State,Individual,,"['Agriculture,Rural & Environment']",Bio Control Laboratory and Pesticides Testing Laboratory Scheme,,1.0,bclptls,"The objective is the production of Bio Control Agents such as Trichoderma, Trichogramma, etc., and further distribution to farmers as awareness and demonstration for organic Plant Health Management in order to promote organic crop production.","['Laboratory', 'Pesticides', 'Testing', 'Trichoderma', 'Trichogramma', 'Farmer']",2025-11-26T22:18:29.576638
CsYxGJgB0AGc0F0i6jir,{},['Meghalaya'],WCDCLS,State,Individual,,"['Agriculture,Rural & Environment']",Winter Cropping & Development of Cultivable Land Scheme,,1.0,wcdcls,"The objectives of the scheme are to bring more areas under cultivation during the normally lean winter season under different crops other than paddy and increase production and productivity of various crops like cereals, pulses, oilseeds, and vegetables during the Rabi season.","['Agriculture', 'Farmer', 'Cultivation', 'Training', 'Technology Support', 'Subsidy On Inputs', 'Free Distribution Of Inputs']",2025-11-26T22:18:29.576638
_hfXF5gB5uF80_MG0ZK8,{},['Rajasthan'],CKLPR,State,Individual,,"['Agriculture,Rural & Environment', 'Education & Learning']",Chhatraon Ke Liye Protsahan Rashi,,1.0,cklpr,"In the ""Chhatraon Ke Liye Protsahan Rashi"" scheme to encourages girl students to study agriculture subject and provides financial assistance to economically disadvantaged students who may face challenges in accessing education due to financial constraints.","['Education', 'Girl', 'Child Development', 'Financial']",2025-11-26T22:18:29.576638
CaExGJgBXu-iUKXq7Xkd,{},['Rajasthan'],GH,State,Individual,,"['Agriculture,Rural & Environment']",Green House,,1.0,gh,"Under the Green House Scheme Farmers can get the benefit of subsidy on green house and earn more income by cultivating horticultural crops like vegetables, flowers, fruits etc. by controlling the ago-climatic factors, temperature, humidity and sunlight.","['Farmer', 'Horticultural', 'Crops']",2025-11-26T22:18:29.576638
DMYxGJgB0AGc0F0i7ThK,{},['Rajasthan'],DR,State,Individual,,"['Agriculture,Rural & Environment']",Diggy,,1.0,dr,"Rajasthan Government has started the Diggy Scheme for the welfare of farmers, under which farmers will be provided grants for making dig for irrigation of crops. This scheme is to help farmers improve their farming by using more water resources and encourage them to grow good crops.","['Farming', 'Farmer', 'Development']",2025-11-26T22:18:29.576638
DaExGJgBXu-iUKXq7nkF,{},['Rajasthan'],MSS,State,Individual,,"['Agriculture,Rural & Environment']",Mini Sprinkler Sanyantr,,1.0,mss,The Mini Sprinkler Sanyantr scheme provided a subsidy to the farmers can irrigate more land by getting sprinkler subsidy. The subsidy given by the state government to the farmers will be sent directly to their bank account through DBT.,"['Farmer', 'Mini Sprinkler Sanyantr', 'Farming', 'Agriculture']",2025-11-26T22:18:29.576638
9ca5F5gB0AGc0F0iwDQk,{},['Gujarat'],APDCCSSCSP(SCC),State,Individual,,"['Agriculture,Rural & Environment']",Assistance for Power Driven Chaff Cutter Scheme under Scheduled Castes Sub Plan (SC Category),,1.0,apdccsscspscc,"The scheme provides financial assistance to dairy farmers belonging to Scheduled Caste category on purchase of electric powered chaff cutters. By using power driven chaff cutter, dairy farmers can reduce wastage of green &dry fodder which is economically important for their profitable dairy farming.","['Chaff Cutter', 'Scheduled Caste', 'Farmer', 'Dairy Farming', 'Subsidy']",2025-11-26T22:18:29.576638
5RfXF5gB5uF80_MGOJJI,{},['Rajasthan'],NFBKS,State,Individual,,"['Agriculture,Rural & Environment']",Naye Fal Bagicho Ki Sthapana,,1.0,nfbks,"Under the ""Naye Fal Bagecho Ki Sthapana"" subsidies to Increase farmers' income by facilitating the cultivation of high-value fruit crops that have a potentially higher market demand and profitability compared to traditional crops.","['Farmer', 'Garden', 'Fruits', 'Agriculture']",2025-11-26T22:18:29.576638
CMbXF5gB0AGc0F0izzcQ,{},['Rajasthan'],KKY,State,Individual,,"['Agriculture,Rural & Environment']",Kisan Kaleva Yojana,,1.0,kky,"Under the Kisan Kaleva Scheme run by the Rajasthan Government, food is provided at concessional rates through coupons to the farmers and their assistants who come to sell crops in the vegetable market premises.","['Food', 'Farmer', 'Agriculture']",2025-11-26T22:18:29.576638
ucb2F5gB0AGc0F0izDdV,{},['Rajasthan'],KLPBS,State,Individual,,"['Agriculture,Rural & Environment']",Kam Lagat Pyaaj Bhandaran Sanrachna,,1.0,klpbs,Under the Kam Lagat Pyaaj Bhandaran Sanrachna yojana Construction of warehouses should be done at a high level to prevent moisture and dampness which occur due to direct contact of onions with soil.,"['Farmer', 'Agriculture', 'Farming', 'Vegetables']",2025-11-26T22:18:29.576638
wRe5F5gB5uF80_MGxZA0,{},['Rajasthan'],MJPMSKY,State,Individual,,"['Agriculture,Rural & Environment']",Mahatma Jyotiba Phule Mandi shramik kalyaan yojana ,,1.0,mjpmsky,"The Agriculture Department of Rajasthan runs the Mahatma Jyotiba Phule Mandi Shramik Kalyan Yojana, a program that offers a range of assistance programs to improve the well-being of mandi laborers.","['Farmer', 'Agriculture', 'Financial Support']",2025-11-26T22:18:29.576638
AMbXF5gB0AGc0F0iyDce,{},['Rajasthan'],FPKTNK,State,Individual,,"['Agriculture,Rural & Environment']",Farm Pond (Khet Talai) Nirman Karyakram,,1.0,fpktnk,Under the Farm Pond (Khet Talaee) Nirmaan Kaaryakram scheme provied to help the farmers of Rajasthan to collect rain water and use it for irrigation purposes so that the farmers can get sufficient water for irrigation in their fields.,"['Water Shortage', 'Farmer', 'Financial Assistance', 'Development']",2025-11-26T22:18:29.576638
ksa8F5gB0AGc0F0iVjVq,{},['Haryana'],SPEOSELUMMAPUY,State,Individual,,"['Agriculture,Rural & Environment']",Scheme for Providing Employment Opportunities to Scheduled Castes by Establishing Livestock Units under Mukhya Mantri Antyodaya Parivaar Utthan Yojana,,1.0,speoselummapuy,"Under the scheme, an unemployed resident of Haryana belonging to the Scheduled Caste category can avail a subsidy for purchasing livestock. This subsidy will be provided after the establishment of the livestock units and can be availed as a loan by the beneficiary. ","['Financial Assistance', 'Animal Husbandry', 'Dairying', 'Employment', 'Scheduled Caste', 'Subsidy', 'Livestock', 'Milch Animals']",2025-11-26T22:18:29.576638
g8a8F5gB0AGc0F0iUDUj,{},['Haryana'],SPEOSCELU,State,Individual,,"['Agriculture,Rural & Environment']",Scheme for Providing Employment Opportunities to Scheduled Castes by Establishing Livestock Units,,1.0,speoscelu,"This is a credit-linked scheme with a primary objective of providing self-employment opportunities to Schedule castes, the unemployed persons will be assisted by way of establishing Dairy units, Piggery units, and Sheep/Goat units.","['Financial Assistance', 'Employment', 'Scheduled Caste', 'Livestock Unit', 'Subsidy', 'Self-employment', 'Unemployed', 'Milch Animals', 'Piggery Unit', 'Sheep Unit', 'Goat Unit']",2025-11-26T22:18:29.576638
gMa8F5gB0AGc0F0iTzXS,{},['Haryana'],SCDICMD,State,Individual,,"['Agriculture,Rural & Environment']",Scheme for Conservation and Development of Indigenous Cattle and Murrah Development,,1.0,scdicmd,"The scheme is implemented by the Department of Animal Husbandry & Dairying, Government of Haryana with the objective of encouraging the farmers for conservation and development of the indigenous breeds of cows and buffaloes. ","['Indigenous Cattle', 'Murrah', 'Animal Husbandry', 'Dairying', 'Cows', 'Buffaloes', 'Cash Incentive']",2025-11-26T22:18:29.576638
Z6G8F5gBXu-iUKXqU3Yg,{},['Haryana'],SEBPU,State,Individual,,"['Agriculture,Rural & Environment']",Scheme for Establishment of Backyard Poultry Units,,1.0,sebpu,"The objective of the scheme is to improve the socio-economic and nutritional status of the poor families, small farmers and landless agricultural labourers and other economically weaker section of the society.","['Backyard Poultry', 'Chicks', 'Hatchery', 'Feeders', 'Water Drinkers']",2025-11-26T22:18:29.576638
fsa8F5gB0AGc0F0iTzWQ,{},['Haryana'],SEHTMDU,State,Individual,,"['Agriculture,Rural & Environment']",Scheme for Establishment of Hi-Tech and Mini Dairy Units,,1.0,sehtmdu,"Under this scheme, unemployed persons will be assisted by way of providing financial assistance in form of subsidy for establishing dairy units of 4, 10, 20 & 50 milch animals like buffaloes, indigenous cows (Hariana, Sahiwal, Belahi, Red Sindhi, Tharparkar and Gir breeds only) and crossbred cows.","['Mini Dairy Unit', 'Hi-Tech', 'Animal Husbandry', 'Self-employment', 'Unemployed', 'Milch Animal', 'Interest Subvention', 'Subsidy', 'Financial Assistance']",2025-11-26T22:18:29.576638
gsbnF5gB0AGc0F0iWDfo,{},['Jharkhand'],JRFRY,State,Individual,,"['Agriculture,Rural & Environment']",Jharkhand Rajya Fasal Rahat Yojana,,1.0,jrfry,"The scheme was launched by the Department of Agriculture, Animal Husbandry & Cooperative, Government of Jharkhand. This scheme is mainly to provide financial assistance to the farmers in the event of crop damage due to any natural calamity and natural accidents.","['Crop Loss', 'Farmer', 'Agriculture', 'Natural Calamity']",2025-11-26T22:18:29.576638
LaHZF5gBXu-iUKXqVnjI,{},['Bihar'],BDY,State,Individual,,"['Agriculture,Rural & Environment']",Bhraman - Darshan Yojana,,1.0,bdy,"The ""Bhraman-Darshan Yojana"" was launched by the Animal and Fisheries Resources Department, Government of Bihar aims to educate fish farmers in Bihar about the latest fisheries techniques through organized excursions, enabling them to adopt and implement these technologies in their water source.....","['Opportunities', 'Fish Farmer', 'Technologies']",2025-11-26T22:18:29.576638
hxe9F5gB5uF80_MGZ5EY,{},['Tamil Nadu'],VCFRSK,State,Individual,,"['Agriculture,Rural & Environment']",Visit of Contract Farming Farmers to the Research Stations in Karnataka,,1.0,vcfrsk,"The scheme “Visit of Contract Farming Farmers to the Research Stations in Karnataka” facilitates visits for contract farming farmers to research stations across Karnataka to gain agricultural knowledge. Financial support is provided for a 3-day visit.
","['Agriculture', 'Farmer', 'Contract Farming', 'Research Stations Visit']",2025-11-26T22:18:29.576638
kqG9F5gBXu-iUKXqaXaQ,{},['Tamil Nadu'],DOG,State,Individual,,"['Agriculture,Rural & Environment']",Distribution of Gypsum,,1.0,dog,"The “Distribution of Gypsum” scheme provides a subsidy to farmers cultivating Pulses crops, covering 50% of the cost of gypsum material and transportation costs.

",[],2025-11-26T22:18:29.576638
gKG9F5gBXu-iUKXqY3ZA,{},['Tamil Nadu'],POFACS,State,Individual,,"['Agriculture,Rural & Environment']",Production of Foundation and Certified Seeds,,1.0,pofacs,"The ""Production of Foundation and Certified Seeds"" scheme, provides subsidy to farmers who produce and supply Foundation and Certified seeds to the Department of Agriculture.
","['Agriculture', 'Farmer', 'Certified Seeds', 'Seed Production', 'Foundation Seeds']",2025-11-26T22:18:29.576638
gxe9F5gB5uF80_MGZpGl,{},['Tamil Nadu'],TFPPT,State,Individual,,"['Agriculture,Rural & Environment']",Training of Farmers on Pulses Production Technologies,,1.0,tfppt,"The “Training of Farmers on Pulses Production Technologies” scheme aims to educate farmers on advanced pulses production technologies to enhance crop yield.
","['Agriculture', 'Farmer', 'Pulses Production', 'Training']",2025-11-26T22:18:29.576638
eKG9F5gBXu-iUKXqYnYu,{},['Tamil Nadu'],DOMAFOC,State,Individual,,"['Agriculture,Rural & Environment']",Distribution of Minikits At Free of Cost,,1.0,domafoc,"The ""Distribution of Minikits at Free of Cost"" scheme provides subsidies for minikits to maize-growing farmers in some of the selected districts of Tamil Nadu.

","['Agriculture', 'Farmer', 'Minikits', 'Subsidy']",2025-11-26T22:18:29.576638
rca9F5gB0AGc0F0ibTVX,{},['Tamil Nadu'],DORPO,State,Individual,,"['Agriculture,Rural & Environment']",Distribution of Rhizobium Packets-Oilseeds,,1.0,dorpo,"The “Distribution of Rhizobium Packets-Oilseeds” scheme provides a subsidy on the cost of Rhizobium, to eligible farmers who produce and supply Foundation and Certified Class seeds.
","['Agriculture', 'Farmer', 'Rhizobium', 'Oilseeds', 'Subsidy']",2025-11-26T22:18:29.576638
HqE7GJgBXu-iUKXqJHkY,{},['Bihar'],PVY,State,Individual,,"['Agriculture,Rural & Environment']",Phool Vikash Yojana,,1.0,fvy,The scheme aims to provide financial benefits to farmers for the cultivation of marigold flowers. It is available in 15 districts of the state and offers a 50% subsidy for up to 4 hectares.,"['Agriculture', 'Subsidy', 'Plant Supply', 'Financial Assistance', 'Flower Development']",2025-11-26T22:18:29.576638
GsY7GJgB0AGc0F0iJDgp,{},['Bihar'],CVYB,State,Individual,,"['Agriculture,Rural & Environment']",Chai Vikas Yojana,,1.0,cvyb,"The scheme aims to offer subsidies for planting materials, horticultural machinery, and related resources to support tea farmers.

","['Agriculture', 'Subsidy', 'Seed Supply', 'Financial Assistance', 'Tea Development']",2025-11-26T22:18:29.576638
HcY7GJgB0AGc0F0iJDib,{},['Bihar'],MBYB,State,Individual,,"['Agriculture,Rural & Environment']",Makhana Beej Vitaran,,1.0,mbyb,The scheme aims to boost farmers' income by improving the production and productivity of Makhana in 11 districts of Bihar through the distribution of high-quality seeds at subsidized rates.,"['Agriculture', 'Subsidy', 'Seed Supply', 'Financial Assistance', 'Makhana Seed Distribution']",2025-11-26T22:18:29.576638
-xc7GJgB5uF80_MGJpMY,{},['Bihar'],MBYPVY,State,Individual,,"['Agriculture,Rural & Environment']",Mukhyamantri Bagwani Mission: Papita Vikas Yojana,,1.0,mbypvy,"The Scheme aims to expand plantain cultivation across all districts in Bihar. Farmers can receive subsidies for up to 10 acres and access high-quality tissue-cultured plants for cultivation.
","['Agriculture', 'Subsidy', 'Plant Supply', 'Financial Assistance', 'Papaya Development']",2025-11-26T22:18:29.576638
_Bc7GJgB5uF80_MGJpMj,{},['Bihar'],MBYKVY,State,Individual,,"['Agriculture,Rural & Environment']",Mukhyamantri Bagwani Mission: Kela Vikas Yojana,,1.0,mbykvy,"The Scheme aims to expand plantain cultivation across 15 districts in Bihar. Farmers can receive subsidies for up to 10 acres and access high-quality tissue-cultured plants for cultivation.
","['Agriculture', 'Subsidy', 'Plant Supply', 'Financial Assistance', 'Banana Development']",2025-11-26T22:18:29.576638
JKE7GJgBXu-iUKXqKHmY,{},['Bihar'],MNNY,State,Individual,,"['Agriculture,Rural & Environment']",Mukhyamantri Nijee Nalkup Yojana,,1.0,mnny,"The scheme provides financial assistance to support farmers in ensuring water availability through borewell construction and motor pump installation.
","['Agriculture', 'Irrigation', 'Borewell', 'Farmer']",2025-11-26T22:18:29.576638
MRfbF5gB5uF80_MG3ZO8,{},['Madhya Pradesh'],COGFGS,State,Individual,,"['Agriculture,Rural & Environment']",Construction of Godown for Grain Storage,,1.0,cogfgs,"Launched on 24th December 2013, the scheme ""Construction of Warehouse for Grain Storage"" by the Panchayat and Rural Development Department, Government of Madhya Pradesh aims to provide modern and scientific food grain storage facilities under Food Security Act 13 to applicants in rural areas.","['Agriculture', 'Farmer', 'Food Security', 'Godown', 'Storage']",2025-11-26T22:18:29.576638
sqG9F5gBXu-iUKXq4XaZ,{},['All'],NAI,Central,Individual,Ministry Of Agriculture and Farmers Welfare,"['Agriculture,Rural & Environment']",National Agriculture Insurance Scheme,,1.0,nai,"The National Agriculture Insurance Scheme (NAIS) was introduced by the Government of India to provide comprehensive insurance coverage and financial support to farmers against crop losses due to natural calamities, pests, and diseases.","['Farmers', 'Crop Insurance', 'Agriculture Subsidy', 'Natural Disaster Coverage']",2025-11-26T22:18:29.576638
nRe9F5gB5uF80_MG35GO,{},['Madhya Pradesh'],CATCICBFA,State,Individual,,"['Agriculture,Rural & Environment', 'Social welfare & Empowerment']",Compensation Amount Towards Cattle Injury Caused by Forest Animals,,1.0,caicoloabfabfa,"Launched on 6th February 2024, the scheme ""Compensation Amount towards Cattle Injury Caused by Forest Animals"" by the Forest Department, Government of Madhya Pradesh, provides compensation in case of death of cattle due to attacks by wild animals.","['Animal', 'Forest', 'Financial Assistance', 'Death', 'Compensation', 'Injury', 'Cattle']",2025-11-26T22:18:29.576638
nxe9F5gB5uF80_MG35H3,{},['Jharkhand'],KSYJ,State,Individual,,"['Agriculture,Rural & Environment']",Kisan Samriddhi Yojana Jharkhand,,1.0,ksyj,"The ""Kisan Samriddhi Yojana"" by the Department of Agriculture, Animal Husbandry & Cooperative, Government of Jharkhand, promotes solar-powered irrigation systems to reduce agricultural costs and dependency on fossil fuels. Farmers receive up to 90% subsidy for solar units under this initiative.","['Farmers', 'Subsidy', 'Solar Units', 'Self-help Group']",2025-11-26T22:18:29.576638
NBfbF5gB5uF80_MG3pPH,{},['Madhya Pradesh'],SFSOMGOSB,State,Individual,,"['Agriculture,Rural & Environment']",Scheme for Supply of Male Goat on Subsidy Basis,,1.0,sfsomgosb,"""Male Goat Supply Scheme on Grant Basis"" aims to improve the breed of indigenous/local goats throughout the state. Through this scheme, one male goat of an improved breed (Jamnapari, Barbari, or Sirohi Bakra) is provided to goat farmers of all categories on a grant basis.","['Animal', 'Goat', 'Insurance', 'Financial Assistance', 'Subsidy']",2025-11-26T22:18:29.576638
SsbbF5gB0AGc0F0i4DcD,{},['Madhya Pradesh'],AABSSOBPMBOS,State,Individual,,"['Agriculture,Rural & Environment']",Advanced Animal Breeding Scheme (Supply of Breedable Pedigree Murrah Bull on Subsidy),,1.0,aabssobpmbos,"""Advanced Animal Breeding Scheme (Supply of Breedable Pedigree Murrah Bulls on Subsidy)"" aims to improve cattle breeding by supplying pedigreed breedable Murrah bulls to progressive cattle rearers and trained cow servants. Murrah bulls are provided with a 75% subsidy to animal keepers.","['Animal', 'Subsidy', 'Cow', 'Breed']",2025-11-26T22:18:29.576638
tMa9F5gB0AGc0F0i3TVT,{},['Gujarat'],KSYG,State,Individual,,"['Utility & Sanitation', 'Agriculture,Rural & Environment']",Kisan Suryoday Yojana (KSY),,1.0,ksyg,"""Kisan Suryoday Yojana (KSY)"" is a Gujarat government initiative launched in 2020-2021 to provide daytime electricity for agricultural activities, utilizing solar and non-conventional energy.

","['Agricultural', 'Electricity Supply', 'Farmer', 'Renewable Energy', 'Irrigation']",2025-11-26T22:18:29.576638
NsY9GJgB0AGc0F0iBzh3,{},['Gujarat'],AFCGWTB,State,Individual,,"['Agriculture,Rural & Environment']","Assistance for Cattleshed, Gaman, Water Tank and Bucket",,1.0,afcgwtb,"The scheme ""Assistance for Cattleshed, Gaman, Water Tank and Bucket"" introduced by the Agriculture, Farmers Welfare and Cooperation Dept., Gujarat, aims to support livestock farmers by offering financial assistance for essential infrastructure such as cattle sheds, gaman, water tanks, and buckets.","['Animal Husbandry', 'Cattleshed', 'Water Tank', 'Shelter For Cattle']",2025-11-26T22:18:29.576638
RKE9GJgBXu-iUKXqB3n8,{},['Gujarat'],SSKPF,State,Individual,,"['Agriculture,Rural & Environment']",Subsidy Scheme on Establishment of 25 R.I.R./Kadaknath & 1000 Broiler Bird’s Unit and Stipend for Poultry Farming Training for Scheduled Tribes People of the State,,1.0,sskpf,"This scheme has been introduced by the Agriculture, Farmers Welfare and Cooperation Department, Gujarat. It aims to provide financial assistance and training stipends to Scheduled Tribe (ST) individuals in Gujarat for poultry farming.

","['Agriculture', 'Poultry Farming', 'Birds Unit', 'Poultry Farming']",2025-11-26T22:18:29.576638
Jhc9GJgB5uF80_MGDpS4,{},['Gujarat'],ACFAPST,State,Individual,,"['Agriculture,Rural & Environment']",Assistance of Concentrate Feed After Parturition (Scheduled Tribe Category),,1.0,acfapst,"The scheme ""Assistance of Concentrate Feed After Parturition (Scheduled Tribe Category)"" provides 150 kg of BIS Type II concentrate feed to Scheduled Tribe Category livestock owners after parturition to support cattle health, increase milk production, and enhance calf development.

","['Animal Husbandry', 'Cattle Development', 'Milk Production', 'Concentrate Feeds']",2025-11-26T22:18:29.576638
psbqF5gB0AGc0F0i8zcO,{},['Gujarat'],FAFISKC,State,Individual,,"['Agriculture,Rural & Environment']",COP-34 Financial Assistance to Farmer for Interest Subvention (Kishan Credit Card Interest Asst.),,1.0,fafiskc,"Under this scheme, financial assistance in the form of interest subvention is provided to farmers who repay their crop loans on time, helping them improve their agricultural productivity and economic well-being.

","['Agriculture', 'Farmer', 'Interest Subvention']",2025-11-26T22:18:29.576638
T8Y9GJgB0AGc0F0iEDhe,{},['Gujarat'],ACFPASC,State,Individual,,"['Agriculture,Rural & Environment']",Assistance of Concentrate Feed for Pregnant Animals (Scheduled Caste Category),,1.0,acfpasc,"This scheme provides free BIS type II concentrate feed to pregnant cattle owned by Scheduled Caste Category livestock owners in Gujarat to ensure their good health, boost immunity, prevent metabolic diseases, and enhance milk production.

","['Animal Husbandry', 'Pregnant Cattle', 'Milk Production']",2025-11-26T22:18:29.576638
L6E9GJgBXu-iUKXqBHnW,{},['Gujarat'],CDSG,State,Individual,,"['Agriculture,Rural & Environment']",Coconut Development Scheme,,1.0,cdsg,"The ""Coconut Development Scheme"" introduced by the Agriculture, Farmers Welfare and Cooperation Department, Gujarat, aims to support farmers by providing quality coconut saplings and financial assistance for coconut cultivation. ","['Agriculture', 'Farmer', 'Coconut Saplings Distribution']",2025-11-26T22:18:29.576638
NRfAF5gB5uF80_MGb5L1,{},['Gujarat'],WFAFCP,State,Individual,,"['Agriculture,Rural & Environment']",Wire Fencing Around the Farm for Crop Protection,,1.0,wfafcp,"This scheme has been introduced by the Agriculture, Farmers Welfare and Cooperation Dept., Gujarat. It aims to protect farmers' crops from damage caused by wild and stray animals by providing financial assistance for wire fencing around farms.

","['Agriculture', 'Farmer', 'Farmers Group', 'Crop Protection', 'Wire Fencing']",2025-11-26T22:18:29.576638
MKE9GJgBXu-iUKXqBXkK,{},['Gujarat'],SOFMG,State,Individual,,"['Agriculture,Rural & Environment']",Supply of Fodder Minikit,,1.0,sofmg,"The ""Supply of Fodder Minikit"" scheme introduced by the Agriculture, Farmers Welfare and Cooperation Department, Gujarat, aims to provide improved varieties of fodder seeds to farmers.","['Animal Husbandry', 'Fodder Minikit']",2025-11-26T22:18:29.576638
MaE9GJgBXu-iUKXqBXkh,{},['Gujarat'],IAIFCPB,State,Individual,,"['Agriculture,Rural & Environment']",Incentive to Owners of A.I. Born Female Calf through Pure Breeding in Indigenous Cow Across the State,,1.0,iaifcpb,The scheme aims to support livestock owners in maintaining and increasing the population of indigenous cattle breeds like Gir and Kankrej.,"['Animal Husbandry', 'Artificial Insemination', 'Female Calf Breeding']",2025-11-26T22:18:29.576638
DRc9GJgB5uF80_MGBZQ5,{},['Gujarat'],CIAD,State,Individual,,"['Agriculture,Rural & Environment', 'Banking,Financial Services and Insurance']",Compensation in Animal Death,,1.0,ciad,"The ""Compensation in Animal Death"" scheme introduced by the Agriculture, Farmers Welfare and Cooperation Department, Gujarat, provides financial assistance to animal breeders who suffer livestock losses due to natural disasters, diseases, or poisoning.

","['Animal Husbandry', 'Animal Insurance', 'Death Compensation']",2025-11-26T22:18:29.576638
-Re_F5gB5uF80_MGjZGa,{},['Jharkhand'],RPCS,State,Individual,,"['Agriculture,Rural & Environment']",Rearing Pond Construction Scheme,,1.0,rpcs,"The ""Rearing Pond Construction Scheme"" by the Department of Agriculture, Animal Husbandry, and Cooperation, Government of Jharkhand, aims to promote fish farming by providing financial aid for constructing rearing ponds. Beneficiaries receive up to 80% government assistance for Scheduled Castes (SC)","['Financial Assistance', 'Pond', 'Construction', 'Scheduled Castes', 'Scheduled Tribes']",2025-11-26T22:18:29.576638
_aG_F5gBXu-iUKXqjXb0,{},['Chhattisgarh'],PMSCH,State,Individual,,"['Agriculture,Rural & Environment']",Pashudhan Mitra Scheme,,1.0,pmsch,"Launched on 20th June 2013, the scheme ""Pashudhan Mitra Scheme1"" by the Animal Husbandry Department, Govt of Chhattisgarh, aims to expand veterinary and breeding services, strengthen service delivery, and provide incentive honorariums to Pashudhan Mitras for livelihood support.","['Animal', 'Agriculture', 'Breeding', 'Husbandry', 'Cattle']",2025-11-26T22:18:29.576638
4he_F5gB5uF80_MGhZFT,{},['Madhya Pradesh'],KSAS,State,Individual,,"['Agriculture,Rural & Environment']",Kharmore Sonchidia Award Scheme,,1.0,ksas,"In the scheme ""Kharmore Sonchidia Award"" by the Forest Department, Government of Madhya Pradesh, the farmers are rewarded with ₹5,000/- if a Kharmor bird is sighted in the private land of the farmer and ₹10,000/- if a Golden bird is sighted in the private land of the farmer.","['Award', 'Bird', 'Farmer', 'Financial Assistance']",2025-11-26T22:18:29.576638
7xe_F5gB5uF80_MGiJHB,{},['Jharkhand'],PPSJ,State,Individual,,"['Agriculture,Rural & Environment', 'Social welfare & Empowerment']",Paddy Procurement Scheme Jharkhand,,1.0,ppsj,"The ""Paddy Procurement Scheme"" 2012-13"" by the Food, Public Distribution, and Consumer Affairs Department, Government of Jharkhand, ensures that farmers receive minimum support price for paddy procurement, preventing distress sales and supporting food security.","['Farmers', 'Food Security', 'Fair Compensation']",2025-11-26T22:18:29.576638
QcY9GJgB0AGc0F0iCzhS,{},['Gujarat'],AFPHFE,State,Individual,,"['Agriculture,Rural & Environment']",Assistance to Farmers to Purchase Heavy Farm Equipment (Tractor),,1.0,afphfe,"This scheme has been introduced by the Agriculture, Farmers Welfare and Cooperation Department, Gujarat. It aims to provide financial assistance to farmers for purchasing tractors, promoting farm mechanization and increasing farm power availability.
","['Agriculture', 'Farmer', 'Heavy Farm Equipment', 'Tractor']",2025-11-26T22:18:29.576638
RaHBF5gBXu-iUKXqgnc9,{},['Uttarakhand'],AYAGSNY,State,Individual,,"['Agriculture,Rural & Environment']",Anshadayee Yojana Ke Antargat Gramin Sadak Nirman Yojana,,1.0,ayagsny,"The scheme ""Anshadayee Yojana ke Antargat Gramin Sadak Nirman Yojana"" by the Government of Uttarakhand aims to facilitate the transportation of fresh sugarcane to mills. This scheme also provides road construction assistance to sugarcane farmers and associated institutions.","['Road Construction', 'Sugarcane Farmers', 'Sugar Mills', 'Sugarcane Collection Centers', 'Farmers', 'Transportation']",2025-11-26T22:18:29.576638
Dhe_F5gB5uF80_MG8pLk,{},['Arunachal Pradesh'],ANMPY,State,Individual,,"['Agriculture,Rural & Environment', 'Banking,Financial Services and Insurance']",Atma Nirbhar Matsya Palan Yojana,,1.0,anmpy,"The scheme aims to provide a 45% subsidy with credit linkage for fishery infrastructure to ST individuals, SHGs, and FPOs engaged in aquaculture.","['Subsidy', 'Farmers', 'Scheduled Tribe', 'Self Help Groups', 'FPO', 'Loan']",2025-11-26T22:18:29.576638
mqHqF5gBXu-iUKXq8njG,{},['Gujarat'],TPAHKCC,State,Individual,,"['Agriculture,Rural & Environment']",To Provide Interest Subvention to Animal Husbandry of the State at the Rate of 4% to the Beneficiaries Kisan Credit Card,,1.0,tpahkcc,"The scheme aims to provide 4% interest subvention to cattle breeders in Gujarat on timely repayment of short-term loans taken through the Kisan Credit Card for animal husbandry activities.

","['Agriculture', 'Animal Husbandry', 'Cattle Breeders', 'Interest Subvention']",2025-11-26T22:18:29.576638
CRe_F5gB5uF80_MG8ZKS,{},['Gujarat'],AFCMAC,State,Individual,,"['Agriculture,Rural & Environment']",Assistance for Cultivation of Medicinal/ Aromatic Crops,,1.0,afcmac,"The scheme provides financial assistance up to 75% of the cost or ₹11,250/- per hectare (whichever is lower) to farmers in Gujarat cultivating medicinal or aromatic crops on land between 0.20 and 4 hectares.

","['Agriculture', 'Medicinal Crops', 'Aromatic Crops']",2025-11-26T22:18:29.576638
Fxe_F5gB5uF80_MG9JL1,{},['Gujarat'],ASPSG,State,Individual,,"['Agriculture,Rural & Environment']",Agro Service Provider Scheme,,1.0,aspsg,"The ""Agro Service Provider Scheme"" introduced by the Agriculture, Farmers Welfare and Cooperation Department, aims to support farmers by providing subsidies for acquiring agricultural implements.","['Agriculture', 'Subsidy']",2025-11-26T22:18:29.576638
b6HCF5gBXu-iUKXqAnf-,{},['Haryana'],PPLCNPSAAHR,State,Individual,,"['Agriculture,Rural & Environment']",PMMSY: Provision of Polythene lining for the Construction of New ponds for Saline/Alkaline area-Haryana,,1.0,pplcnpsaahr,"The scheme aims to provide central assistance for the cost of polythene lining for new ponds in saline/alkaline areas. Through this scheme, polythene lining costs are provided to beneficiaries constructing new water bodies for fish/shrimp culture.","['Polythene', 'New Ponds', 'Fish', 'Shrimp', 'Saline', 'Alkaline']",2025-11-26T22:18:29.576638
dxfCF5gB5uF80_MGAJJb,{},['Haryana'],PMMSYCRMHR,State,Individual,,"['Agriculture,Rural & Environment', 'Business & Entrepreneurship']",PMMSY: Construction of Fish Retail Markets including Ornamental Fish/Aquarium Markets - Haryana,,1.0,pmmsycrmhr,"The scheme aims to support the construction of fish retail markets, including those for ornamental fish and aquariums. Through this scheme, financial assistance for project costs is provided to individual beneficiaries.","['Retail', 'Market', 'Ornamental', 'Aquarium', 'Financial Assistance']",2025-11-26T22:18:29.576638
osa3F5gB0AGc0F0irzRa,{},['Puducherry'],AGFISCMPWA,State,Individual,,"['Agriculture,Rural & Environment']",Assistance to General Farmers for Installation of Submersible / Centrifugal Motor Pumpsets With Accessories,,1.0,agfiscmpwa,"Through this scheme, the farmers from the General Category are provided with a grant of 65% subsidy towards the installation of suitable Submersible / Centrifugal motor pump sets with accessories, subject to a maximum of ₹50,000/‐ per tubewell per individual.","['Farmer', 'Agriculture', 'Subsidy', 'Pump']",2025-11-26T22:18:29.576638
bKG3F5gBXu-iUKXqOHU0,{},['All'],DSCTA:WA,Central,Individual,Ministry Of Commerce And Industry,"['Agriculture,Rural & Environment']",Development Support for Coffee in Traditional Areas: Water Augmentation,,1.0,dsctawa,"The scheme ""Development Support for Coffee in Traditional Areas: Water Augmentation"" by the Coffee Board, Department of Commerce, aims to improve the production and productivity of coffee plantations by encouraging water augmentation in traditional areas.","['Coffee', 'Farmer', 'Water', 'Subsidy', 'DBT']",2025-11-26T22:18:29.576638
96H-F5gBXu-iUKXqUHgP,{},['Puducherry'],CMMFBDSF-FAASCDMF,State,Individual,,"['Agriculture,Rural & Environment']","""Conversion/Modernisation of Mechanised Fishing Boats for Deep Sea Fishing"" under ""Financial Assistance for Availing Subsidy Components for the Development of Marine Fisheries""",,1.0,cmmfbdsf-faascdmf,"The scheme ""Conversion/Modernisation of Mechanised Fishing Boats for Deep Sea Fishing"" is introduced by the Dept of Fisheries and Fishermen Welfare, Govt of Puducherry to increase marine fish production by extending grants for the conversion/modernization of mechanized boats for deep-sea fishing.","['Boat', 'Subsidy', 'Fisherman', 'Financial Assistance', 'Marine']",2025-11-26T22:18:29.576638
Vhe4F5gB5uF80_MGLJCf,{},['Goa'],FABWAF,State,Individual,,"['Agriculture,Rural & Environment']",Financial Assistance to Brackish Water Aquaculture Farms,,1.0,fabwaf,"Through this scheme, financial assistance is provided to eligible fishermen for the construction and renovation of the Farm, for the purchase of farming equipment, and for the purchase of feed. Only the farmers having a water spread area of 2 hectares or less can apply to this scheme.","['Fishermen', 'Fish', 'Farming', 'Aquaculture', 'Subsidy']",2025-11-26T22:18:29.576638
pca3F5gB0AGc0F0irzTW,{},['Meghalaya'],FCDS,State,Individual,,"['Agriculture,Rural & Environment']",Floriculture Development Scheme,,1.0,fcds,The objective of the scheme is to motivate the farmers to take up floriculture (traditional and non-traditional flowers) as a commercial venture through the distribution of planting materials and other inputs.,"['Floriculture', 'Agriculture', 'Farmer', 'Subsidy', 'Flower', 'Horticulture']",2025-11-26T22:18:29.576638
tca3F5gB0AGc0F0iszQY,{},['Meghalaya'],PCDS,State,Individual,,"['Agriculture,Rural & Environment']",Plantation Crop Development Scheme,,1.0,pcds,"The objectives of the scheme are to boost up the area and production of all plantation crops like Arecanut, Cashewnut, Coconut, Pineapple etc., and to provide a 50 % subsidy for planting materials and construction of a soakage tank.","['Plantation Crop', 'Arecanut', 'Cashewnut', 'Coconut', 'Pineapple', 'Subsidy', 'Horticulture', 'Farmer']",2025-11-26T22:18:29.576638
zca4F5gB0AGc0F0iMjT9,{},['Goa'],FASUCCU,State,Individual,,"['Agriculture,Rural & Environment']",Financial Assistance for Setting up Crab Culture Unit,,1.0,fasuccu,"Through this scheme, financial assistance of 25% of the actual cost, limited to ₹1,50,000 per hectare is provided to eligible fishermen for setting up crab culture unit. Only Fish Farmer/ Individual/ Registered Self Help Group/ Societies, interested in the setting up of the Crab Farming Unit.","['Fishermen', 'Subsidy', 'Financial Assistance', 'Aquaculture']",2025-11-26T22:18:29.576638
g6G3F5gBXu-iUKXqsXWC,{},['Madhya Pradesh'],MSVYMP,State,Individual,,"['Agriculture,Rural & Environment']",Masala Shetra Vistar Yojana,,1.0,msvymp,Masala Shetra Vistar Yojana was launched by the Government of Madhya Pradesh the whose objective is to expand the area and increase the production of selected spice crops through quality high yielding varieties.,"['Spice', 'Farmer', 'Financial Benefits', 'Farming']",2025-11-26T22:18:29.576638
-Mb-F5gB0AGc0F0iQDeG,{},['Puducherry'],GSPAA-DFWASAOFBC,State,Individual,,"['Agriculture,Rural & Environment']","Grant of 50% Subsidy for the Purchase of Aquarium and Its Accessories under ""Development of Freshwater Aquaculture and Setting up of Aquarium, Ornamental Fish Breeding Centre""",,1.0,gspaa-dfwasaofbc,"""Grant of 50% Subsidy for the Purchase of Aquarium and Its Accessories"" is introduced with the objective to propagate the importance of aquarium keeping and to inculcate the art of aquarium keeping among the general public. The scheme is extended to all the regions of Puducherry.","['Fisheries', 'Aquarium', 'Subsidy', 'Financial Assistance', 'Aquaculture', 'Fish']",2025-11-26T22:18:29.576638
q8a3F5gB0AGc0F0isDTM,{},['Meghalaya'],FDS,State,Individual,,"['Agriculture,Rural & Environment']",Fruit Development Scheme,,1.0,fds,The objective of the scheme is to make available to the farmers good quality planting materials in convergence mode and sale at subsidized rates.,"['Agriculture', 'Farmer', 'Fruit Production', 'Planting Material', 'Subsidy', 'Horticultural']",2025-11-26T22:18:29.576638
k6G4F5gBXu-iUKXqLnUh,{},['All'],CDPNER:WA,Central,Individual,Ministry Of Commerce And Industry,"['Agriculture,Rural & Environment']",Coffee Development Programme in North Eastern Region: Water Augmentation,,1.0,cdpnerwa,"The scheme ""Coffee Development Programme in North Eastern Region: Water Augmentation"" aims to improve the productivity and quality of coffee by facilitating the creation of infrastructure for water augmentation for irrigation and wet processing of coffee.","['Agriculture', 'Farmer', 'Subsidy', 'DBT']",2025-11-26T22:18:29.576638
pKG4F5gBXu-iUKXqMXWl,{},['Goa'],FACPWFRPFVCF,State,Individual,,"['Agriculture,Rural & Environment']",Financial Assistance for Construction/ Purchase of Wooden/ FRP Fishing Vessel (Canoe) for Fishermen,,1.0,facpwfrpfvcf,"Through this scheme, 50% of the actual cost of the Wooden/ Fiber-Reinforced Plastic (FRP) Fishing Vessel (Canoe) purchased by the fishermen is covered by the Government of Goa. The applicant will be entitled to a subsidy grant once every four years on one craft per family household.","['Fisheries', 'Fisherman', 'Subsidy', 'Financial Assistance', 'Marine']",2025-11-26T22:18:29.576638
-KH-F5gBXu-iUKXqVHg5,{},['Puducherry'],AIPBO-FAASCDMF,State,Individual,,"['Agriculture,Rural & Environment', 'Banking,Financial Services and Insurance']","""Annual Insurance Premium for Boat Owners"" under ""Financial Assistance for Availing Subsidy Components for the Development of Marine Fisheries""",,1.0,aipbo-faascdmf,"""Annual Insurance Premium for Boat Owners"" under ""Financial Assistance for Availing Subsidy Components for the Development of Marine Fisheries"" is introduced to increase marine fish production through subsidies for the annual premiums for insurance coverage paid by the mechanized boat operators.","['Insurance', 'Boat', 'Marine', 'Fisheries', 'Fisherman']",2025-11-26T22:18:29.576638
AMb-F5gB0AGc0F0iSDhk,{},['All'],CPIS,Central,Individual,Ministry Of Agriculture and Farmers Welfare,"['Agriculture,Rural & Environment', 'Banking,Financial Services and Insurance']",Coconut Palm Insurance Scheme,,1.0,cpis,"The “Coconut Palm Insurance Scheme (CPIS)” is being implemented by the Coconut Development Board, Ministry of Agriculture and Farmers Welfare, Government of India with the objective of insuring coconut palms against natural calamities, climatic risks, pests, diseases, and other perils. ","['Coconut', 'Palm', 'Insurance', 'Farmer', 'Coconut Grower']",2025-11-26T22:18:29.576638
icazF5gB0AGc0F0iGTMH,{},['All'],PMSY,Central,Individual,Ministry Of Panchayati Raj,"['Agriculture,Rural & Environment']",SVAMITVA Yojana (Survey of Villages and Mapping with Improvised Technology in Village Areas),,1.0,pmsy,"SVAMITVA, a Central Sector scheme of Ministry of Panchayati Raj to provide ‘Record of Rights’ to village household owners with issuance of legal ownership cards (Property cards/Title deeds) to the property owners by mapping of land parcels using drone technology.
","['Rural', 'Survey', 'Village', 'Drone', 'Property']",2025-11-26T22:18:29.576638
eqGzF5gBXu-iUKXqHXRQ,{},['All'],NSWF,Central,Individual,"Ministry of Fisheries,Animal Husbandry and Dairying","['Agriculture,Rural & Environment']",National Scheme Of Welfare Of Fishermen,,1.0,nswf,"The National Scheme of Welfare of Fishermen provides financial assistance to fishermen. They can use these for constructing houses and community halls for both recreation and work purposes. Further, through the amount availed under this scheme, fishermen can install tube wells.","['Fisheries', 'Financial Assistance', 'Social Welfare']",2025-11-26T22:18:29.576638
z6G0F5gBXu-iUKXqFXQy,{},['All'],E-NAM,Central,Individual,Ministry Of Agriculture and Farmers Welfare,"['Agriculture,Rural & Environment']",National Agriculture Market,,1.0,e-nam,"Launched on 14th April 2016, e-NAM is a pan-India electronic trading platform that links existing mandis to create a unified online market for agricultural commodities, promoting “One Nation One Market” and enabling transparent, efficient, and nationwide agri-trade.","['APMC', 'Electronic Trading', 'E-payment', 'E-bidding']",2025-11-26T22:18:29.576638
AMa0F5gB0AGc0F0iHDS7,{},['Jammu and Kashmir'],KY-SMSP,Central,Individual,Ministry Of Agriculture and Farmers Welfare,"['Agriculture,Rural & Environment']",Krishonnati Yojana - Sub Mission On Seed And Planting Material (SMSP),,1.0,ky-smsp,"The Sub-Mission on Seeds and Planting Material (SMSP) aims to increase the production of certified / quality seed, increase SRR, upgrade the quality of farm-saved seeds, strengthen the seed multiplication chain, promote new technologies and methodologies in seed production, processing, testing, etc.","['Farmer', 'Agriculture', 'Subsidy']",2025-11-26T22:18:29.576638
uqH9F5gBXu-iUKXqYnj2,{},['Assam'],CMSGUY,State,Individual,,"['Agriculture,Rural & Environment']",Chief Minister Samagra Gramya Unnayan Yojana,,1.0,cmsguy,"A 5-year mega-mission called Chief Minister Samagra Gramya Unnayan Yojana (CMSGUY) was launched in the Financial Year(FY) 2016-17, which is scheduled to culminate in the FY 2021-22, coinciding with 75 years of India's Independence.","['Chief Minister', 'Samagra', 'Gramya', 'Unnayan', 'Financial Assistance']",2025-11-26T22:18:29.576638
28azF5gB0AGc0F0ikDM-,{},['Gujarat'],MKSY,State,Individual,,"['Agriculture,Rural & Environment']",Mukhyamantri Kisan Sahay Yojana,,1.0,mksy,"The scheme was launched on September 6, 2019, to provide relief and support to farmers in case of crop damage due to natural calamities and was implemented by the Revenue Department of the Government of Gujarat in collaboration with the Agriculture and Co-operation Department.","['Kisan Sahay', 'Drought', 'Flood', 'Earthquake', 'Natural Calamities', 'Financial Assistance']",2025-11-26T22:18:29.576638
X8b3JpgB0AGc0F0iQTgd,{},['Assam'],SOSTUPM-ATISIS,State,Individual,,"['Agriculture,Rural & Environment', 'Banking,Financial Services and Insurance']","""Subsidy for Orthodox & Speciality Tea Unit for Plant & Machinery"" under the ""Assam Tea Industries Special Incentives Scheme""",,1.0,sostupm-atisis,"The scheme aims to ensure long-term financial sustainability of the Tea industry and to incentivize manufacturers to move from Crush, Tear, Curl tea to Orthodox tea production. The scheme is implemented by the Finance Department and the Industries & Commerce Department, Government of Assam.","['Subsidy', 'Tea', 'Production', 'Incentive', 'Industry', 'Machinery']",2025-11-26T22:18:29.576638
OxfrJpgB5uF80_MG7ZSA,{},['Assam'],OSTPS-ATISIS,State,Individual,,"['Agriculture,Rural & Environment', 'Banking,Financial Services and Insurance']","""Orthodox or Specialty Tea Production Subsidy"" under the ""Assam Tea Industries Special Incentives Scheme""",,1.0,ostps-atisis,"The scheme aims to ensure long-term financial sustainability of the Tea industry and to incentivize manufacturers to move from Crush, Tear, Curl tea to Orthodox tea production. The scheme is implemented by the Finance Department and the Industries & Commerce Department, Government of Assam.","['Subsidy', 'Tea', 'Production', 'Incentive', 'Industry']",2025-11-26T22:18:29.576638
mqHsb5gBXu-iUKXq_XkF,{},['Gujarat'],POFUSOP,State,Individual,,"['Agriculture,Rural & Environment']",Promotion of Organic Farming under State Organic Policy,,1.0,pofusop,"The scheme ""Promotion of Organic Farming under State Organic Policy"" by the Agriculture and Co-operation Department, Government of Gujarat, aims to promote organic agriculture by providing financial assistance for certification, transportation, and organic inputs to farmers across the state.

","['Organic Farming', 'Certification Assistance', 'Organic Input Subsidy', 'Farmer']",2025-11-26T22:18:29.576638
oMZGf5gB0AGc0F0iozg-,{},['Gujarat'],PMMSYENFWHGUJ,State,Individual,,"['Agriculture,Rural & Environment']",Pradhan Mantri Matsya Sampada Yojana (PMMSY-Inland): Establishment of New Fresh Water Fin Fish Hatchery - Gujarat,,1.0,pmmsyenfwhguj,The scheme aims to increase fish production by rearing fish in reservoirs and provide employment to people involved in inland fisheries activities.,"['Fish Farming', 'Biofloc', 'Recirculating Aquaculture System', 'Fish Hatchery']",2025-11-26T22:18:29.576638
ehfUnJgB5uF80_MGt5R8,{},['Haryana'],CNRPHR,State,Individual,,"['Agriculture,Rural & Environment']",PMMSY: Construction of New Rearing ponds - Haryana,,1.0,cnrphr,"The scheme aims to expand fisheries in various urban/semi-urban areas. Through this scheme, financial assistance and subsidies are provided for the construction of new rearing ponds.","['Subsidy', 'Ponds', 'Nursery', 'Seed']",2025-11-26T22:18:29.576638
fBcEnZgB5uF80_MGQZQp,{},['Haryana'],CWIBHR,State,Individual,,"['Agriculture,Rural & Environment']",PMMSY: Cycle with Ice Boxes-Haryana,,1.0,cwibhr,"The scheme aims to provide central assistance for the cost of cycles with ice boxes for fisheries activities. Through this scheme, central assistance is provided for newly purchased cycles with ice boxes for the initial crop.","['Subsidy', 'Purchase', 'Initial Crop', 'Fish']",2025-11-26T22:18:29.576638
lhdY1ZgB5uF80_MGfZTb,{},['Gujarat'],NMOEPMICIO,State,Individual,,"['Agriculture,Rural & Environment']",National Mission on Edible Oil–Oil Palm: Maintenance and Input Cost for Intercropping in Oilpalm,,1.0,nmoepmicio,"The scheme component ""Maintenance and Input Cost for Intercropping in Oilpalm"" launched under the ""National Mission on Edible Oil–Oil Palm"" scheme aims to increase the production of oil palm and reduce imports by providing financial assistance for maintenance and intercropping.","['Edible Oil', 'Oil Palm', 'Intercropping Assistance', 'Maintenance Support', 'Subsidy']",2025-11-26T22:18:29.576638
khdVu5gB5uF80_MGTpRb,{},['Gujarat'],AFMTPTFM,State,Individual,,"['Agriculture,Rural & Environment']",Assistance to Farmers for Mini Tractor and Power Tiller in Farm Mechanization Program,,1.0,afmtptfm,The scheme “Assistance to Farmers for Mini Tractor and Power Tiller in Farm Mechanization Program”  aims to support mechanization in agriculture through financial aid for the purchase of mini tractors and power tillers to all eligible farmers across the state.,"['Agricultural', 'Farm Mechanization', 'Subsidy', 'Mini Tractor', 'Power Tiller']",2025-11-26T22:18:29.576638
sKEwo5gBXu-iUKXqtXk4,{},['Gujarat'],STISRR,State,Individual,,"['Agriculture,Rural & Environment']",Scheme to Increase Seed Replacement Rate (SRR),,1.0,stisrr,"The ""Scheme to Increase Seed Replacement Rate (SRR)"" by the Agriculture and Co-operation Department, Government of Gujarat, aims to improve crop productivity through providing certified seeds at subsidized rates to all farmers across the state.

","['Seed Distribution', 'Seed Replacement Rate', 'Subsidy', 'Certified Seeds']",2025-11-26T22:18:29.576638
ixcwo5gB5uF80_MGOpSu,{},['Gujarat'],SPSPWDPF,State,Individual,,"['Agriculture,Rural & Environment']",Scheme to Provide Stipend to the Persons With Disabilities of the State for Poultry Training,,1.0,spspwdpf,"The ""Scheme to Provide Stipend to the Persons With Disabilities of the State for Poultry Training"" aims to promote poultry rearing skills among persons with disabilities through a ₹2,000/- stipend for attending a 7-day training program conducted by the Intensive Poultry Development Unit.","['Poultry Training', 'Disability Empowerment', 'Skill Development', 'Animal Husbandry', 'Stipend']",2025-11-26T22:18:29.576638
18Zo_pgB0AGc0F0iKDjz,{},['Gujarat'],PMMSYESRGUJ,State,Individual,,"['Agriculture,Rural & Environment']",Pradhan Mantri Matsya Sampada Yojana (PMMSY-Inland): Establishment of Small RAS Culture System Gujarat,,1.0,pmmsyesrguj,The scheme aims to boost inland fish production and create employment. It provides financial support for setting up Small RAS units for eligible beneficiaries.,"['Fish Farming', 'Small RAS', 'Biofloc', 'Recirculating Aquaculture System']",2025-11-26T22:18:29.576638
zqGZ9JgBXu-iUKXqRXmd,{},['Gujarat'],IFPTRAININGUJ,State,Individual,,"['Agriculture,Rural & Environment']",To Increase Fish Seed Production And Inland Fisheries Equipment In Tribal Areas: Training of Tribal Trainees Gujarat,,1.0,ifptraininguj,"The scheme aims to boost fish production and provide employment through inland fisheries. Under this scheme, Financial assistance is provided as a scholarship to tribal trainees undergoing fisheries training. ","['Fish', 'Fish Activities', 'Fish Production', 'Scheduled Tribes', 'Fishermen', 'Training Of Tribal Trainees']",2025-11-26T22:18:29.576638
0saW9JgB0AGc0F0injjI,{},['Gujarat'],IFSPIFTFCGUJ,State,Individual,,"['Agriculture,Rural & Environment']",To Increase Fish Seed Production And Inland Fisheries Equipment In Tribal Areas: Fish Cage Culture Gujarat,,1.0,ifspiftfcguj,The scheme aims to increase fish production and provide employment through reservoir-based inland fisheries. It offers financial assistance to Scheduled Tribe fishermen.,"['Fish', 'Fish Activities', 'Fish Production', 'Scheduled Tribes', 'Fishermen', 'Fish Cage Culture']",2025-11-26T22:18:29.576638
1qFp_pgBXu-iUKXqTXnC,{},['Gujarat'],ASCFTSCTGUJ,State,Individual,,"['Agriculture,Rural & Environment']",Assistance to Scheduled Castes for Fisheries: Training of Scheduled Caste trainees Gujarat,,1.0,ascftsctguj,The scheme aims to increase fish production and provide employment opportunities to Scheduled Caste (SC) people engaged in inland fisheries activities.,"['Fish Production', 'Fish Farming', 'Fishermen', 'Fish Farmer', 'Training Of Scheduled Caste Trainees']",2025-11-26T22:18:29.576638
96GuLpkBXu-iUKXqInkL,{},['Gujarat'],PMMSYEBTMFVGUJ,State,Individual,,"['Agriculture,Rural & Environment']",PMMSY:  Establishment of Bio-toilets in mechanised fishing vessels - Gujarat,,1.0,pmmsyebtmfvguj,"The scheme aims to provide sanitation facilities on mechanised fishing vessels. It provides financial assistance depending on category, with once-in-a-lifetime eligibility.","['Construction Of Plant', 'Storage', 'Fishermen', 'Fish Sellers']",2025-11-26T22:18:29.576638
OqFVmpkBXu-iUKXq1XoS,{},['Gujarat'],PMMSYEOSCGUJ,State,Individual,,"['Agriculture,Rural & Environment']",PMMSY: Establishment of open Sea cages (100-120)m3 vol. - Gujarat ,,1.0,pmmsyeoscguj,"The scheme aims to support the installation of open sea cages of 100–120 cubic meter capacity for fish farming in marine waters. This helps fishermen and entrepreneurs to undertake cage-based aquaculture, thereby increasing fish production, ensuring sustainable marine resource utilization.","['Construction Of Plant', 'Storage', 'Fishermen', 'Fish Seller']",2025-11-26T22:18:29.576638
IxdYmpkB5uF80_MG0pUZ,{},['Gujarat'],PMMSYMCSIPGUJ,State,Individual,,"['Agriculture,Rural & Environment']",PMMSY : Modernization of Cold storage /Ice Plant - Gujarat ,,1.0,pmmsymcsipguj,"The scheme aims to strengthen fish storage infrastructure for hygienic preservation. Through this scheme, beneficiaries receive financial assistance for the modernisation of Cold storage /Ice Plant.","['Construction Of Plant', 'Storage', 'Fishermen', 'Fish Sellers', 'Modernization Of Cold Storage', 'Ice Plant']",2025-11-26T22:18:29.576638
QqFgv5kBXu-iUKXqUnpu,{},['Madhya Pradesh'],MMDPP,State,Individual,,"['Agriculture,Rural & Environment']",Mukhyamantri Dairy Plus Programme (Provision of 02 Murrah Buffaloes on Subsidy),,1.0,mmdpp,The scheme aims to increase milk production and promote improved livestock breeding by providing two Murrah buffaloes to eligible farmers on a subsidy basis.,"['Subsidy', 'Farmer', 'Buffaloes', 'Livestock', 'Farmer']",2025-11-26T22:18:29.576638
VaEA7JkBXu-iUKXqvXoo,{},['Madhya Pradesh'],DBAKY,State,Individual,,"['Agriculture,Rural & Environment', 'Business & Entrepreneurship']",Dr. Bhimrao Ambedkar Kamdhenu Yojana,,1.0,dbaky,"The scheme aims to provide business opportunities in the dairy sector especially to unemployed youths, increase milk production, strengthen economic condition and farmers will get economic benefits even in adverse circumstances.","['Business', 'Loan', 'Youth', 'Farmer', 'Dairy', 'Unemployed']",2025-11-26T22:18:29.576638
NBfM3ZkB5uF80_MG0ZVo,{},['Goa'],GSPEVCSG,State,Individual,,"['Agriculture,Rural & Environment', 'Transport & Infrastructure']",Grant of Subsidy for Purchase of 'Electric Vehicles' to Consumers in State of Goa,,1.0,gspevcsg,"The scheme provides financial assistance in the form of a subsidy for the purchase or conversion of Electric two-wheelers, three-wheelers, and four-wheelers, along with scrapping incentives for old vehicles, incentives for local manufacturing in Goa, and low-cost loans provided by CESL.","['Subsidy', 'Vehicle', 'Consumer', 'Incentive', 'Transport']",2025-11-26T22:18:29.576638
YcbxzpkB0AGc0F0iDzmJ,{},['Madhya Pradesh'],CFLLCBWA,State,Individual,,"['Agriculture,Rural & Environment', 'Health & Wellness']",Compensation for Livestock Loss Caused by Wild Animals,,1.0,cfllcbwa,The scheme aims to provide financial relief to livestock owners for losses due to wild animal attacks.,"['Financial Assistance', 'Wild Animal', 'Relief', 'Livestock']",2025-11-26T22:18:29.576638
hsaqJpoB0AGc0F0izDnP,{},['Madhya Pradesh'],AS-SMP,State,Individual,,"['Agriculture,Rural & Environment']",Annapurna Scheme: Seed Multiplication Programme,,1.0,as-smp,The scheme aims to enhance the economic status and productivity of SC/ST farmers by providing high-quality Breeder or Certified I grade seeds for seed production. Beneficiaries receive a 75% subsidy on the cost of the seed for up to 1 hectare of land.,"['Agriculture', 'Seed', 'Farmer', 'Subsidy', 'Crop']",2025-11-26T22:18:29.576638
hMZcJJoB0AGc0F0iOjma,{},['Uttarakhand'],KVS,State,Individual,,"['Agriculture,Rural & Environment', 'Skills & Employment']",Kisan-Vaigyanik Sangoshthi,,1.0,f-ss,The scheme aims to guide farmers and youth in biotechnology-based farming and animal husbandry by providing technical training and solutions to enhance self-employment and income generation.,"['Farmer', 'Scientist', 'Self-help Group', 'Seminar', 'Training', 'Youth', 'Biotechnology']",2025-11-26T22:18:29.576638
WBdmJJoB5uF80_MG5JVT,{},['Uttarakhand'],SFPK,State,Individual,,"['Agriculture,Rural & Environment']",Sthaniya Fasal Protsahan Karyakram,,1.0,sfpk,"The program aims to promote the cultivation of local crops, enhance productivity, ensure the use of quality seeds, and provide fair prices to farmers in the mountain districts of Uttarakhand.","['Farmer', 'Local Crop', 'Agriculture', 'Seed Production', 'Subsidy On Seed', 'Crop Promotion Program']",2025-11-26T22:18:29.576638
dKFxKZoBXu-iUKXqfXoK,{},['Uttarakhand'],SMAEUK,State,Individual,,"['Agriculture,Rural & Environment']",Sub-Mission on Agricultural Extension (SMAE),,1.0,smaeuk,"he scheme aims to promote the adoption of modern and scientific farming practices among farmers across the state through continuous training, practical demonstrations, and exposure visits.","['Agricultural', 'Farmer', 'SMAE', 'Kisan Award', 'Kisan Ratna', 'Kisan Shri']",2025-11-26T22:18:29.576638
jcZyKZoB0AGc0F0i5zmo,{},['Uttarakhand'],SHCSUK,State,Individual,,"['Agriculture,Rural & Environment']",Soil Health Card Scheme - Uttarakhand,,1.0,shc,"The scheme aims to provide Soil Health Cards to all farmers in the state, helping them understand the nutrient composition of their soil and the type and quantity of fertilizers suitable for their crops.","['Farmer', 'Soil Health', 'Agriculture', 'Soil Testing']",2025-11-26T22:18:29.576638
icZmKZoB0AGc0F0iCTnr,{},['Uttarakhand'],SDPUK,State,Individual,,"['Agriculture,Rural & Environment', 'Skills & Employment']",Skill Development Programme- Uttarakhand,,1.0,sdpuk,"The scheme aims to enhance the employability and entrepreneurial skills of students, researchers, and farmers in the field of biotechnology, thereby promoting self-employment and entrepreneurship in emerging areas of the biotechnology sector.","['Skill Development', 'Training Program', 'Biotechnology', 'Student', 'Researcher', 'Farmer']",2025-11-26T22:18:29.576638
f6EpNJoBXu-iUKXq2HqY,{},['Goa'],GGY-GOA,State,Individual,,"['Agriculture,Rural & Environment']",Gomantak Govsamvardhan Yojana,,1.0,ggy-goa,The scheme aims to support the conservation and rearing of Local Breeds of Cattle in the State of Goa. It provides financial assistance of ₹80/- per animal per day to Dairy Farmers or Individuals who are bonafide residents of Goa to encourage responsible stall feeding and conservation practices.,"['Cattle', 'Farmer', 'Subsidy', 'Animal', 'Vaccination']",2025-11-26T22:18:29.576638
oaGtTpoBXu-iUKXq3Hr0,{},['Uttarakhand'],AHASMF,State,Individual,,"['Agriculture,Rural & Environment']",Animal Husbandry: Assistance to Small and Marginal Farmers,,1.0,ahsmfuk,"The scheme aims to provide financial assistance to small and marginal farmers for the replacement of productive livestock lost due to notified natural disasters such as floods, landslides, or other calamities.","['Small Farmer', 'Marginal Farmer', 'Natural Disaster', 'Livestock', 'Animal Husbandry']",2025-11-26T22:18:29.576638
s8azF5gB0AGc0F0iITMl,{},['All'],AC&ABC,Central,Individual,Ministry Of Agriculture and Farmers Welfare,"['Agriculture,Rural & Environment', 'Business & Entrepreneurship', 'Skills & Employment']",Agri-Clinics And Agri-Business Centres Scheme,,1.0,acandabc,"A welfare scheme by the Ministry of Agriculture and Farmers' Welfare was launched in 2002. AC&ABC aims at agricultural development, supplementing the efforts of public extension by providing extension and other services to farmers either on a payment basis or free of cost as per the business model.","['Business', 'Entrepreneur', 'Student', 'Training', 'Agriculture', 'Employment']",2025-11-26T22:18:29.576638
9KH-F5gBXu-iUKXqRnjx,{},['Puducherry'],SPFRPCVWNMPCN-FAASCDMF,State,Individual,,"['Agriculture,Rural & Environment']","""Subsidy for the Purchase of Fiber-reinforced Plastic Cattamaran/ Vallam/ Wooden Nava/ Marine Plywood Canoe With Nets"" under ""Financial Assistance for Availing Subsidy Components for the Development of Marine Fisheries""",,1.0,spfrpcvwnmpcn-faascdmf,"The scheme ""Subsidy for the Purchase of Fiber-reinforced Plastic Cattamaran/ Vallam/ Wooden Nava/ Marine Plywood Canoe With Nets"" is introduced to increase marine fish production by extending subsidies to the fishermen for the procurement of fiber-reinforced plastic vallam with nets.","['Subsidy', 'Boat', 'Fisherman', 'Financial Assistance', 'Procurement']",2025-11-26T22:18:29.576638
kBe0F5gB5uF80_MGEI9f,{},['All'],IARIS,Central,Individual,Ministry Of Agriculture and Farmers Welfare,"['Agriculture,Rural & Environment', 'Education & Learning']",Indian Agricultural Research Institute - Scholarship,,1.0,iaris,The Indian Agricultural Research Institute (IARI) Junior and Senior Scholarship shall be awarded to M.Sc. and Ph.D. students admitted under General Open Competition Scheme.,"['IARI', 'Scholarship', 'Education', 'PhD']",2025-11-26T22:18:29.576638
lqHRF5gBXu-iUKXqi3dw,{},['Telangana'],Feed The Seed,State,Individual,,"['Agriculture,Rural & Environment']",Feed The Seed,,1.0,feed-the-seed,"The ""Feed for Seed"" program is an initiative launched by the Government of Telangana in India, aimed at promoting agriculture and supporting farmers in the state. The program is designed to encourage farmers to produce their own seeds by providing them with free, high-quality seeds of various crops.","['Feed For Seed', 'Seed Village', 'State Seed Development Corporation']",2025-11-26T22:18:29.576638
uBf9F5gB5uF80_MGbJMy,{},['Odisha'],KALIA,State,Individual,,"['Agriculture,Rural & Environment']",Krushak Assistance For Livelihood And Income Augmentation,,1.0,kalia,"Through the implementation of Krushak Assistance for Livelihood and Income Augmentation - KALIA Scheme , the State Government aims to lend farmers with an all inclusive and flexible support system, ensuring accelerated agricultural prosperity.","['KALIA', 'Farmers', 'Cultivators', 'Financial Assistance', 'Agriculture']",2025-11-26T22:18:29.576638
zaH9F5gBXu-iUKXqZ3i2,{},['Uttarakhand'],MSSY,State,Individual,,"['Agriculture,Rural & Environment', 'Business & Entrepreneurship']",Mukhayamantri Saur Swarojgar Yojna,,1.0,mssy,The state recognises the urgent need to act on climate change by reducing dependence on fossil fuels and adopting cleaner forms of energy that lead to energy security and inclusive growth of its economy.,"['Mukhayamantri', 'Saur Swarojgar', 'Agriculture Department']",2025-11-26T22:18:29.576638
hBezF5gB5uF80_MGkI8O,{},['Maharashtra'],KVDGSSY,State,Individual,,"['Agriculture,Rural & Environment', 'Banking,Financial Services and Insurance', 'Social welfare & Empowerment']",Karma Veer Dadasaheb Gaikwad Sabalikaran & Swabhiman Yojana,,1.0,kvdgssy,"The main objective of this scheme is to improve the financial condition of the scheduled castes and Nav-Buddhists who are landless workers and are from ""Below Poverty Line"". Only citizens who are permanent residents of Maharashtra are eligible. This scheme is 100% funded by the State Govt.","['Loan', 'Subsidy', 'Below Poverty Line', 'Scheduled Caste', 'Financial Assistance']",2025-11-26T22:18:29.576638
bxezF5gB5uF80_MGi4_s,{},['Chhattisgarh'],GNY,State,Individual,,"['Agriculture,Rural & Environment']",Godhan Nyay Yojana,,1.0,gny,"Godhan Nyay Yojana is a scheme launched by the Government of Chhattisgarh on 20 July 2020. Under this scheme, cow dung will be purchased by the state government from the cattle-rearing farmers.","['Cattle Herders', 'New Employment', 'Cow Protection', 'Organic Fertilizers']",2025-11-26T22:18:29.576638
zsazF5gB0AGc0F0ijjOa,{},['West Bengal'],AFAG,State,Individual,,"['Agriculture,Rural & Environment']",Amar Fasal Amar Gola,,1.0,afag,"The West Bengal Government had announced a pilot project to provide financial assistance to marginal farmers of the State so that they can have their own storehouses and vending carts. A subsidy varying between Rs. 5,000 and Rs. 25,000 will be provided for the warehouses.",[],2025-11-26T22:18:29.576638
X8a2F5gB0AGc0F0iHzQA,{},['Gujarat'],AGR2(FM)SFOTSCST,State,Individual,,"['Agriculture,Rural & Environment']",AGR 2 (Farm Mechanization) Scheme Of Farmers Other Than SC/ST,,1.0,agr2fmsfotscst,"The scheme “AGR 2 (Farm Mechanization) Scheme of Farmers Other Than SC/ST” was started by the Department of Agriculture, Farmers Welfare & Co-operation, Government of Gujarat.","['Farmer', 'Agriculture', 'Equipment', 'Mechanization', 'Financial Assistance']",2025-11-26T22:18:29.576638
Jca1F5gB0AGc0F0iKjQQ,{},['Odisha'],PIATIBFT,State,Individual,,"['Agriculture,Rural & Environment']",Promotion Of Intensive Aquaculture Through Introduction Of Bio-floc Technology During The Year 2021-22,,1.0,piatibft,The government of Odisha introduced Bio-floc-based farming and aims to promote sustainable intensification of freshwater fish and brackish water shrimp farming for boosting productivity and generating high income in a limited area.,"['Bio-Floc', 'Farming', 'Fish', 'Shrimp', 'Odisha']",2025-11-26T22:18:29.576638
cMa2F5gB0AGc0F0iITQ2,{},['Arunachal Pradesh'],CMKRY,State,Individual,,"['Agriculture,Rural & Environment', 'Banking,Financial Services and Insurance']",Chief Minister's Krishi Rinn Yojana,,1.0,cmkry,The Government of Arunachal Pradesh has introduced The Chief Minister's Krishi Rinn Yojana (CMKRY) with the aim of providing a zero interest crop loan facility to farmers of the state to enable them easy access to formal credit through banking channels.,"['Farmers', 'Crop Loan', 'Zero Interest']",2025-11-26T22:18:29.576638
-xe2F5gB5uF80_MGHY-B,{},['Odisha'],MTC,State,Individual,,"['Agriculture,Rural & Environment']",Motorisation Of Traditional Crafts,,1.0,mtc,"The scheme “Motorisation of Traditional Crafts” was launched by the Department of Fisheries & Animal Resources Development, Government of Odisha to increase the income and livelihoods of traditional fishermen by motorizing their traditional non-motorized crafts.","['Fishermen', 'Fish', 'Crafts', 'Financial Assistance', 'Boat']",2025-11-26T22:18:29.576638
8KG1F5gBXu-iUKXqJnQM,{},['Gujarat'],SSST-PTS,State,Individual,,"['Agriculture,Rural & Environment', 'Skills & Employment']",Stipend Scheme For Scheduled Tribes - Poultry Training Stipend,,1.0,ssst-pts,"The scheme “Stipend Scheme for Scheduled Tribes - Poultry Training Stipend” was launched by the Department of Agriculture, Farmers Welfare & Co-operation, Government of Gujarat to raise the income of poultry farmers of Schedule Tribes through scientific poultry farming training.","['Poultry Farming', 'Scheduled Tribe', 'Stipend', 'Training', 'Cash Assistance']",2025-11-26T22:18:29.576638
wRe1F5gB5uF80_MGJo84,{},['Himachal Pradesh'],HKPY,State,Individual,,"['Agriculture,Rural & Environment', 'Business & Entrepreneurship']",Him Kukkut Palan Yojna,,1.0,hkpy,"The scheme “Him Kukkut Palan Yojna” was launched by the Department of Animal Husbandry, Government of Himachal Pradesh to provide the subsidy to the entrepreneurs/farmers who are interested and engaged in poultry farming in the state.","['Farmer', 'Poultry Farming', 'Subsidy', 'Self Employment']",2025-11-26T22:18:29.576638
46G1F5gBXu-iUKXqJHQ1,{},['Arunachal Pradesh'],CM-SKY,State,Individual,,"['Agriculture,Rural & Environment']",Chief Minister’s Shasakt Kisan Yojana,,1.0,cm-sky,"The Govt. of Arunachal Pradesh started the scheme “Chief Minister’s Shasakt Kisan Yojana (CM-SKY)” for uplifting the status of women, marginal and small farmers of the State for self-employment generation & commercialization of Horticulture activities to double their income.","['Farmer', 'Horticulture', 'Self-employment', 'Tea', 'Rubber', 'Financial Assistance']",2025-11-26T22:18:29.576638
Fsa1F5gB0AGc0F0iJTT_,{},['Maharashtra'],OMPS,State,Individual,,"['Social welfare & Empowerment', 'Education & Learning', 'Agriculture,Rural & Environment']",Opening And Maintenance Of Public School (Vidya Niketan) For Vimukta Jatis And Nomadic Tribes,,1.0,omps,"The Government of Maharashtra has introduced a scheme ""Opening And Maintenance Of Public School (Vidya Niketan) For Vimukta Jatis And Nomadic Tribes"" to voluntary organizations to run the Public School (Vidya Niketan) on a grant-in-aid basis.","['Vidya Niketan', 'Education', 'Public School', 'Vimukta Jatis And Nomadic Tribes']",2025-11-26T22:18:29.576638
PaG2F5gBXu-iUKXqH3VG,{},['Odisha'],LSMFDFBP,State,Individual,,"['Agriculture,Rural & Environment']",Livelihood Support To Marine Fishermen During Fishing Ban Period,,1.0,lsmfdfbp,"Livelihood Support to Marine Fishermen during the Fishing Ban Period scheme under the Department of Fisheries & Animal Resources Development, Government of Odisha aims to support the livelihood of marine fisher families.","['Fishermen', 'Livelihood', 'Financial Assistance']",2025-11-26T22:18:29.576638
Isa1F5gB0AGc0F0iKTTO,{},['Gujarat'],SSEG10SCP,State,Individual,,"['Agriculture,Rural & Environment', 'Business & Entrepreneurship']",Subsidy Scheme For Establishment Of Goat Unit (10+1) For Scheduled Caste People,,1.0,sseg10scp,"The scheme “Subsidy Scheme for Establishment of Goat Unit (10+1) for Scheduled Caste People” was launched by the Dept. of Agriculture, Farmers Welfare & Co-operation, Government of Gujarat to uplift economically poor livestock breeders of Gujarat State.","['Scheduled Caste', 'Goat', 'Subsidy', 'Milk Production', 'Employment']",2025-11-26T22:18:29.576638
yRf9F5gB5uF80_MGvJMj,{},['Madhya Pradesh'],MKKY,State,Individual,,"['Agriculture,Rural & Environment']",Mukhyamantri Kisaan Kalyaan Yojana,,1.0,mkky,Mukhyamantri Kisaan Kalyaan Yojana was started in 2020 by Madhya Pradesh Chief Minister for financial assistance for the farmer. ,[],2025-11-26T22:18:29.576638
8Be1F5gB5uF80_MGo4_x,{},['Goa'],GRAS,State,Individual,,"['Agriculture,Rural & Environment']",Gopal Ratna Award Scheme,,1.0,gras,"""Gopal Ratna Award Scheme"" intends to appreciate the achievement of Dairy Farmers for the highest individual milk production by undertaking scientific Dairy Farming in the State of Goa and encouraging youth to take up the Dairy Business.","['Milk', 'Animal', 'Husbandry', 'Award', 'Farming', 'Dairy']",2025-11-26T22:18:29.576638
AKG6F5gBXu-iUKXqR3YI,{},['Tamil Nadu'],OAPSUCMUPT,State,Individual,,"['Agriculture,Rural & Environment', 'Social welfare & Empowerment']",Old Age Pension Scheme under Chief  Minister’s Uzhavar Padhukappu Thittam,,1.0,oapsucmupt,"The 'Old Age Pension Scheme under Chief Minister’s Uzhavar Padhukappu Thittam' is a state scheme. The scheme aims to give a pension of ₹1,000/- to old-age farmers and destitute agricultural labourers who have membership card under CMPUT.
","['Farmers', 'Pension', 'Financial Assistance', 'Senior Citizen', 'Labour']",2025-11-26T22:18:29.576638
OMa6F5gB0AGc0F0iSDXw,{},['Madhya Pradesh'],AASFSV,State,Individual,,"['Agriculture,Rural & Environment']",Aushadhi Avam Sugandhit Fasal Shetra Vistar,,1.0,aasfsv,"Under the Scheme To increase production and productivity by expanding the area of ​​quality, high-yielding, short-duration medicinal and aromatic species.","['Farming', 'Farmer', 'Farm', 'Land']",2025-11-26T22:18:29.576638
jRe5F5gB5uF80_MGSpCZ,{},['Maharashtra'],NAMO SHETKARI MAHASANMAN NIDHI YOJANA,State,Individual,,"['Agriculture,Rural & Environment']",Namo Shetkari Mahasanman Nidhi Yojana,,1.0,namo-shetkari-mahasanman-nidhi-yojana,"To increase the income of farmers, State government has announced ""Namo Shetkari Mahasanman Nidhi Yojana"" in which cultivable land holding farmer families of the state will get an additional amount of Rs. 6000/- per year (along with Rs. 6000/- through Pradhan Mantri Kisan Samman Nidhi Yojana","['PM KISAN TOP UP', 'Direct Benefit Transfer', 'Agriculture Land Holder', 'Family Scheme']",2025-11-26T22:18:29.576638
7Ma5F5gB0AGc0F0iSzTk,{},['Odisha'],IAFFFFP-MMKY,State,Individual,,"['Agriculture,Rural & Environment']","""Input Assistance to Farmers for Taking up Fish Farming in Farm Ponds"" Component of the ""Mukhyamantri Maschyajibi Kalyan Yojana"" Scheme",,1.0,mmky-iaftufffp,"The objective of this scheme is to increase the inland fish production, and to enhance the income of farmers in the State though aquaculture. Input assistance is provided to the farmers who have excavated farm ponds under MGNREGA for facilitating the production of fingerling and fish.","['Farmer', 'Fisheries', 'Seed', 'Subsidy', 'Fertilizer', 'Pond']",2025-11-26T22:18:29.576638
2sa5F5gB0AGc0F0iSDS6,{},['Meghalaya'],SFS,State,Individual,,"['Agriculture,Rural & Environment']",Seed Farms Scheme,,1.0,sfs,"The objective of the scheme is the production of high-quality seeds of cereals, pulses, oilseeds, etc. and for raising Horticultural seedlings such as orange, coconut, arecanut etc. for distribution to cultivators.","['Seed', 'Farms', 'Agriculture', 'Farmer', 'Horticultural Seedlings', 'Cultivator']",2025-11-26T22:18:29.576638
zhe6F5gB5uF80_MGP5Cm,{},['Puducherry'],IHDPDA,State,Individual,,"['Agriculture,Rural & Environment']",Integrated Horticultural Development Program Through Diversification of Agriculture,,1.0,ihdpda,"Through this scheme, the farmers are provided subsidies through DBT mode for Organic Manures for Coconut Palms, Tools and Implements for Agricultural Purposes, Mud Pots or Cement Pots, Plant Protection Chemicals, Motor Pumpset for Irrigation Purposes, Biogas Unit, Planting Materials, etc.","['Horticulture', 'Subsidy', 'Farmer', 'DBT']",2025-11-26T22:18:29.576638
ehe5F5gB5uF80_MGSJDQ,{},['Meghalaya'],STLSMEGHALAYA,State,Individual,,"['Agriculture,Rural & Environment']",Seed Testing Laboratory Scheme,,1.0,stlsmeghalaya,The objective of the scheme is to assist seed testing services to farmers to ensure the viability and purity of seed to be sown.,"['Seed Testing', 'Laboratory', 'Farmer', 'Agriculture']",2025-11-26T22:18:29.576638
lxe5F5gB5uF80_MGTpCW,{},['Meghalaya'],FTIS,State,Individual,,"['Agriculture,Rural & Environment']",Farmers Training Institute Scheme,,1.0,ftis,The objective of the scheme is to provide training to farmers at the village level on updated and innovative agriculture technology. The Training Institute facilitates exposure visits for farmers to agriculturally advanced states.,"['Farmer', 'Training Institute', 'Training', 'Agriculture', 'Agriculture Technology']",2025-11-26T22:18:29.576638
CKExGJgBXu-iUKXq7Hnb,{},['Rajasthan'],SH,State,Individual,,"['Agriculture,Rural & Environment']",Shednet House,,1.0,sh,"The Shednet House provided subsidies to farmers so they could earn more income by cultivating horticultural crops like vegetables, flowers, fruits, etc. by controlling the agro-climatic factors, temperature, humidity, and sunlight.","['Farmer', 'Shednet House', 'Farming', 'Agriculture']",2025-11-26T22:18:29.576638
BsbXF5gB0AGc0F0izjek,{},['Meghalaya'],MDCAS,State,Individual,,"['Agriculture,Rural & Environment']",Maize Development through Cluster Approach Scheme,,1.0,mdcas,The objectives of the scheme is to increase food grain production in order to attain self-sufficiency by growing high yielding varieties of maize and also by adopting the crop and location specific production technology.,"['Agriculture', 'Farmer', 'Maize', 'Quality Seeds']",2025-11-26T22:18:29.576638
26G5F5gBXu-iUKXqv3VT,{},['Gujarat'],FMSCSP(SCC),State,Individual,,"['Agriculture,Rural & Environment']",Fodder Minikits under Schedule Castes Sub Plan (SC Category),,1.0,fmscspscc,"The scheme “Fodder Minikits under Schedule Castes Sub Plan” is implemented by the Directorate of Animal Husbandry, Government of Gujarat to provide an improved variety of fodder seeds to Scheduled Castes beneficiaries for widespread publicity, demonstration, and adaptation by farmers.","['Farmer', 'Scheduled Caste', 'Fodder Minikits', 'Seed']",2025-11-26T22:18:29.576638
76G5F5gBXu-iUKXqxnVU,{},['Gujarat'],APDCCSTASP(STC),State,Individual,,"['Agriculture,Rural & Environment']",Assistance for Power Driven Chaff Cutter Scheme under Tribal Area Sub Plan (TASP- ST Category),,1.0,apdccstaspstc,"The scheme provides financial assistance to dairy farmers belonging to ST category on purchase of electric powered chaff cutters. By using power driven chaff cutter, dairy farmers can reduce wastage of green & dry fodder which is economically important for their profitable dairy farming.","['Chaff Cutter', 'Scheduled Tribe', 'TASP', 'Dairy Farming', 'Fodder', 'Subsidy']",2025-11-26T22:18:29.576638
EqHXF5gBXu-iUKXq0Xii,{},['Puducherry'],RDNCCFF-SW,State,Individual,,"['Agriculture,Rural & Environment', 'Social welfare & Empowerment']","Relief During Natural Calamities Such as Cyclone, Flood or Fire (Sainik Welfare)",,1.0,rdnccff-sw,"""Relief During Natural Calamities Such as Cyclone, Flood or Fire"" is a Welfare Scheme by the Armed Forces Flag Day Fund of the Dept of Sainik Welfare, Puducherry. Through this scheme, up to ₹40,000/- is provided to the registered ESM / Widows/Dependents of ESM as a relief during natural calamities.","['Calamity', 'Disaster', 'Relief', 'Ex-Serviceman', 'Widow', 'Dependent']",2025-11-26T22:18:29.576638
86HXF5gBXu-iUKXqQ3dh,{},['Rajasthan'],VI,State,Individual,,"['Agriculture,Rural & Environment']",Vermicompost Ikai,,1.0,vi,"In the Vermicompost Ikai scheme, provide subsidies to farmers and Organic fertilizer is a systematic pest-nutrition process in which the soil is made fertile by absorbing other organic substances present within the soil.","['Farmer', 'Fertilizer', 'Agriculture']",2025-11-26T22:18:29.576638
psa3F5gB0AGc0F0irzTZ,{},['Odisha'],MMKY-FANBEN,State,Individual,,"['Agriculture,Rural & Environment']","MMKY-Financial Assistance for New Boat, Engine, and Net",,1.0,mmky-fanben,"The State plan scheme “MMKY-Financial Assistance for New Boat, Engine, and Net” was launched by the Fisheries & Animal Resources Development Department, Government of Odisha in order to increase the marine fish production and to enhance incomes and livelihoods of the marine fishers.","['Financial Assistance', 'Boat', 'Engine', 'Net', 'Maschyajibi', 'Fish', 'Fisherman']",2025-11-26T22:18:29.576638
p8a3F5gB0AGc0F0irzTt,{},['Odisha'],MMKY-NTEBWA,State,Individual,,"['Agriculture,Rural & Environment']",MMKY-New Tank Excavation Under Brackish Water Aquaculture,,1.0,mmky-ntebwa,"The State plan scheme “MMKY-New Tank Excavation Under Brackish Water Aquaculture” was launched by the Fisheries & Animal Resources Development Department, Government of to promote farmers and entrepreneurs to take up Brackish water aquaculture.","['Tank Excavation', 'Brackish', 'Maschyajibi', 'Fish Production', 'Shrimp Exports', 'Fish Exports', 'Subsidy Assistance']",2025-11-26T22:18:29.576638
Acb-F5gB0AGc0F0iUDgU,{},['Puducherry'],FGRMB-FAASCDMF,State,Individual,,"['Agriculture,Rural & Environment']","""Financial Grant for Reactivation of Mechanised Boats"" under ""Financial Assistance for Availing Subsidy Components for the Development of Marine Fisheries""",,1.0,fgrmb-faascdmf,"The scheme ""Financial Grant for Reactivation of Mechanised Boats"" is introduced by the Govt of Puducherry with the objective of increasing marine fish production by extending financial grants for the reactivation of wooden/steel mechanized boats.","['Boat', 'Grant', 'Financial Assistance', 'Fisheries', 'Fisherman']",2025-11-26T22:18:29.576638
zsa4F5gB0AGc0F0iMzQN,{},['Goa'],FAMCOFG,State,Individual,,"['Agriculture,Rural & Environment']",Financial Assistance to Mussel Culture and Oyster Farming in Goa,,1.0,famcofg,"“Financial Assistance to Mussel Culture and Oyster Farming in Goa” is a scheme by the Dept. of Fisheries, Govt. of Goa. Through this scheme, financial assistance is provided to eligible fishermen for setting up units in estuarine waters, and in open sea. Only offline applications are accepted.","['Fishermen', 'Fish', 'Aquaculture', 'Subsidy', 'Financial Assistance']",2025-11-26T22:18:29.576638
TRe3F5gB5uF80_MGsZCA,{},['Madhya Pradesh'],SSVY,State,Individual,,"['Agriculture,Rural & Environment']",Sabji Shetra Vistar Yojana,,1.0,ssvy,"Under the Sabji Shetra Vistar yojana, selection of vegetables through quality high yielding varieties to expand the area of crops and increase production.","['Farming', 'Farmer', 'Financial Benefits', 'Farming Land', 'Vegetable']",2025-11-26T22:18:29.576638
cqHmF5gBXu-iUKXq0Hi-,{},['All'],EEBDSRS,Central,Individual,"Ministry of Fisheries,Animal Husbandry and Dairying","['Agriculture,Rural & Environment']",Establishment of Entrepreneur for Breed Development in Small Ruminant Sector (Sheep and Goat Farming),,1.0,eebdsrs,"The scheme for the ""Establishment of Entrepreneurs for Breed Development in the Small Ruminant Sector (Sheep and Goat Farming)"" falls under the Sub-mission on Breed Development of Livestock and Poultry. The Entrepreneurs / Eligible Entities can establish sheep and goat breeding unit.","['Entrepreneur', 'Breed', 'Investment', 'Subsidy', 'Sheep', 'Goat']",2025-11-26T22:18:29.576638
qsa9F5gB0AGc0F0iaTWN,{},['Tamil Nadu'],PCWFSTFPI,State,Individual,,"['Agriculture,Rural & Environment']",Pipes Carrying Water From Source To Field-Pulses ISPOM,,1.0,pcwfstfpi,"The scheme provides subsidies to farmers for installing pipes to carry water from the source to their fields, offering a 50% subsidy or up to ₹15,000/- for pipes (up to 800m), including PVC, HDPE, and others.
","['Agriculture', 'Farmer', 'Irrigation', 'Pipes', 'Pulses ISPOM']",2025-11-26T22:18:29.576638
mMa9F5gB0AGc0F0iYjVt,{},['Tamil Nadu'],POFS,State,Individual,,"['Agriculture,Rural & Environment']",Production of Foundation Seeds,,1.0,pofs,"The ""Production of Foundation Seeds"" scheme, provides subsidies to farmers cultivating seed farms for pulses, offering specific benefits to SC/ST farmers and farm women.
","['Agriculture', 'Farmer', 'Seed Production', 'Foundation Seeds']",2025-11-26T22:18:29.576638
rMa9F5gB0AGc0F0ibDWU,{},['Tamil Nadu'],FT,State,Individual,,"['Agriculture,Rural & Environment']",Farmers Training,,1.0,ft,"The “Farmers Training” scheme provides financial assistance for training sessions involving up to 50 farmers or agricultural laborers per cluster.
","['Agriculture', 'Farmer', 'Training']",2025-11-26T22:18:29.576638
osa9F5gB0AGc0F0iYzWC,{},['Tamil Nadu'],PCWFSF,State,Individual,,"['Agriculture,Rural & Environment']",Pipes Carrying Water From Source To Field,,1.0,pcwfsf,"The scheme provides subsidies to farmers for installing pipes to carry water from the source to their fields, offering a 50% subsidy or up to ₹15,000/- for pipes (up to 800m), including PVC, HDPE, and others.
","['Agriculture', 'Farmer', 'Irrigation', 'Pipes']",2025-11-26T22:18:29.576638
eRe9F5gB5uF80_MGY5E-,{},['Tamil Nadu'],SMSOPM,State,Individual,,"['Agriculture,Rural & Environment']","Seed Multiplication Scheme of Paddy, Millets, Pulses, Oilseeds and Cotton",,1.0,smsopm,"The “Seed Multiplication Scheme of Paddy, Millets, Pulses, Oilseeds, and Cotton” offers subsidies to farmers to produce seeds under contract with the Department of Agriculture.
","['Agriculture', 'Farmer', 'Seed Multiplication', 'Paddy', 'Crops']",2025-11-26T22:18:29.576638
8ca-F5gB0AGc0F0iYjXc,{},['Tamil Nadu'],PCARDAH,State,Individual,,"['Banking,Financial Services and Insurance', 'Agriculture,Rural & Environment']",Primary Cooperative Agriculture and Rural Development Bank: For Animal Husbandry,,1.0,pcardah,"The scheme provides loans to farmers for the purpose of animal husbandry, allowing them to improve their income through livestock.
","['Animal Husbandry Loan', 'Agriculture', 'Farmer']",2025-11-26T22:18:29.576638
GcY7GJgB0AGc0F0iIziX,{},['Bihar'],MKVB,State,Individual,,"['Agriculture,Rural & Environment']",Mushroom Kit Vitaran,,1.0,mkvb,"The scheme aims to provide subsidized mushroom kits and training to farmers, promoting mushroom cultivation as a sustainable livelihood opportunity.
","['Agriculture', 'Subsidy', 'Plant Supply', 'Financial Assistance', 'Mushroom Development', 'Mushroom Kit', 'Training']",2025-11-26T22:18:29.576638
lcbpF5gB0AGc0F0iYTdD,{},['Tamil Nadu'],PCARDFTC,State,Individual,,"['Agriculture,Rural & Environment', 'Banking,Financial Services and Insurance']",Primary Cooperative Agriculture and Rural Development Bank: For Tractor Purchase,,1.0,pcardftc,"The scheme offers a specialized loan for farmers to purchase tractors, covering up to 90% of the tractor's cost.","['Agriculture', 'Loan', 'Farmer']",2025-11-26T22:18:29.576638
aRfpF5gB5uF80_MGYZPE,{},['Tamil Nadu'],PCARDBIF,State,Individual,,"['Banking,Financial Services and Insurance', 'Agriculture,Rural & Environment']",Primary Cooperative Agriculture and Rural Development Bank: For Inland Fishing,,1.0,pcardbif,"The scheme offers loans to farmers for inland fishing projects, with a loan amount of up to ₹3,30,000/- per hectare at an interest rate between 11% and 12%.
","['Inland Fishing', 'Loan', 'Farmer', 'Agriculture And Rural Development Bank']",2025-11-26T22:18:29.576638
wqG-F5gBXu-iUKXqYXa-,{},['Madhya Pradesh'],GUSGBL,State,Individual,,"['Agriculture,Rural & Environment']",Goat Unit Scheme On Grants And Bank Loans,,1.0,gusgbl,"The scheme provides financial support through grants and bank loans to farmers to purchase (10+1) goat units for milk and meat production. The scheme covers a 40% subsidy for general applicants and 60% for SC/ST beneficiaries, based on a total unit cost of ₹77,456/-.","['Animal Husbandry', 'Agriculture', 'Loan', 'Goat Breeding']",2025-11-26T22:18:29.576638
PqE9GJgBXu-iUKXqB3lk,{},['Gujarat'],SPATSP,State,Individual,,"['Agriculture,Rural & Environment']",Scheme to Provide Financial Assistance to Purchase Solar Power Unit/Kit for Solar Fencing around the Farm,,1.0,spatsp,"This scheme has been introduced by the Agriculture, Farmers Welfare and Cooperation Department, Gujarat. It aims to provide financial assistance to farmers for purchasing solar power units/kits for solar fencing around their farms to protect crops from damage caused by wild and stray animals.","['Agriculture', 'Farmer', 'Solar Power Unit']",2025-11-26T22:18:29.576638
GRc9GJgB5uF80_MGB5Rp,{},['Gujarat'],SSEBBUP,State,Individual,,"['Agriculture,Rural & Environment']",Subsidy Scheme on Establishment of 25 R.I.R. Bird’s unit 40 R.I.R. Bird’s Unit and Stipend for Poultry Farming Training,,1.0,ssebbup,"This scheme has been introduced by the Agriculture, Farmers Welfare and Cooperation Department, Gujarat. It aims to provide financial assistance and training to economically weaker sections and Divyang individuals in Gujarat for poultry farming.
","['Agriculture', 'Poultry Farming', 'Birds Unit', 'Poultry Farming']",2025-11-26T22:18:29.576638
NcY9GJgB0AGc0F0iBzht,{},['Haryana'],IHDPSSCF,State,Individual,,"['Agriculture,Rural & Environment']",Integrated Horticulture Development Plan Scheme for Scheduled Caste Families,,1.0,ihdpsscf,"Under this scheme, Scheduled Caste farmers will be provided with quality planting material and other inputs for mushroom cultivation, bamboo stacking in vegetables, and protected cultivation with a subsidy of up to 90%. Additionally, training will be offered on various aspects of these practices.","['Horticulture', 'Scheduled Caste', 'Farmer', 'Subsidy', 'Vegetable Cultivation', 'Mushroom Cultivation', 'Crop Husbandary']",2025-11-26T22:18:29.576638
MqE9GJgBXu-iUKXqBXme,{},['Gujarat'],DBWA,State,Individual,,"['Agriculture,Rural & Environment']",Development of Brackish Water Aquaculture,,1.0,dbwa,"The scheme ""Development of Brackish Water Aquaculture"" introduced by the Agriculture, Farmers Welfare and Cooperation Department, Gujarat, aims to support the development of brackish water aquaculture through financial assistance for infrastructure, equipment, and modern shrimp farming techniques.","['Agriculture', 'Fishing Activities', 'Fishermen', 'Aquaculture']",2025-11-26T22:18:29.576638
L8Y9GJgB0AGc0F0iBTjn,{},['Gujarat'],UADTAS,State,Individual,,"['Agriculture,Rural & Environment']",Use of Advanced Drone Technology (Agriculture Aircraft) in Agriculture Sector,,1.0,uadtas,"The scheme ""Use of Advanced Drone Technology (Agriculture Aircraft) in Agriculture Sector"" introduced by the Agriculture, Farmers Welfare and Cooperation Dept., Gujarat, aims to promote the use of advanced drone technology for spraying crop protection chemicals and bio-fertilizers, etc.","['Agriculture', 'Farmer', 'Drone Technology', 'Crop Protection Chemicals', 'Fertilizers']",2025-11-26T22:18:29.576638
NqE9GJgBXu-iUKXqBXn4,{},['Gujarat'],EMADU,State,Individual,,"['Agriculture,Rural & Environment']",Establishment of 50 Milch Animals Dairy Unit,,1.0,emadu,"The ""Establishment of 50 Milch Animals Dairy Unit"" scheme introduced by the Agriculture, Farmers Welfare and Cooperation Department, Gujarat, aims to provide financial aid to livestock owners for setting up dairy farms, ensuring sustainable dairy production.","['Animal Husbandry', 'Dairy Unit', 'Cattle Development', 'Livestock Farming', 'Self Employment']",2025-11-26T22:18:29.576638
FRc9GJgB5uF80_MGBZT9,{},['Gujarat'],PNAOIF,State,Individual,,"['Agriculture,Rural & Environment']",Providing Navigational Aids and Other Infrastructure Facilities,,1.0,pnaoif,"This scheme has been introduced by the Agriculture, Farmers Welfare and Cooperation Dept., Gujarat. It aims to support fishermen by providing financial assistance for purchasing essential fishing equipment, life-saving gear, and infrastructure to enhance safety, efficiency, and fish preservation.","['Agriculture', 'Fishing Activities', 'Ice Plant', 'Cold Storage']",2025-11-26T22:18:29.576638
Oca_F5gB0AGc0F0i9Dbd,{},['Gujarat'],APMUPHMH,State,Individual,,"['Agriculture,Rural & Environment']",Assistance in Packing Materials under Post Harvest Management of Horticultural Produce,,1.0,apmuphmh,"The scheme provides financial assistance to farmers to procure packing materials like corrugated and wooden boxes for post-harvest management of horticultural produce.

","['Horticulture', 'Post-harvest Management', 'Packing Material Subsidy', 'Farmer']",2025-11-26T22:18:29.576638
J8a_F5gB0AGc0F0i8DZN,{},['Gujarat'],APFPF,State,Individual,,"['Agriculture,Rural & Environment']",Assistance Program for Planting in Floriculture,,1.0,apfpf,"The scheme offers financial assistance to farmers in Gujarat for the cultivation of floriculture crops, including loose, cut, and tuberous flowers, based on crop type and farmer category.

","['Floriculture', 'Flower Farming', 'Subsidy']",2025-11-26T22:18:29.576638
DRe_F5gB5uF80_MG8ZL_,{},['Arunachal Pradesh'],ANPYAP,State,Individual,,"['Agriculture,Rural & Environment', 'Banking,Financial Services and Insurance']",Atma Nirbhar Plantation Yojana,,1.0,anpyap,"The scheme aims to promote self-reliance in the agriculture sector through sustainable plantation activities across the state. Under this scheme, support in the form of plantation assistance and allied resources is provided to individual farmers, Self-Help Groups & Farmer Producer Organizations.","['Subsidy', 'Farmer', 'SHGs', 'FPO', 'Loan', 'Plantation']",2025-11-26T22:18:29.576638
g6HCF5gBXu-iUKXqCXcN,{},['Haryana'],FIPCS,State,Individual,,"['Agriculture,Rural & Environment', 'Business & Entrepreneurship', 'Social welfare & Empowerment']",PMMSY: Ice Plant/Cold Store of Minimum 30-Ton Capacity - Haryana,,1.0,sfipcs,The subsidy for 30-ton capacity ice plants/cold storage units under Pradhan Mantri Matsya Sampada Yojana (PMMSY) supports the establishment of ice plants or cold storage facilities with a minimum capacity of 30 tons to improve fish preservation and cold chain infrastructure in Haryana.,"['Entrepreneurs', 'Fish Farmers', 'Cold Chain Infrastructure', 'Fish Preservation']",2025-11-26T22:18:29.576638
eaHCF5gBXu-iUKXqB3dZ,{},['Haryana'],IFFWA,State,Individual,,"['Agriculture,Rural & Environment', 'Business & Entrepreneurship']","PMMSY: Inputs for fresh water Aquaculture including Composite fish culture, Scampi, Pangasius, Tilapia etc - Haryana",,1.0,sfiffwa,The scheme under Pradhan Mantri Matsya Sampada Yojana (PMMSY) provides input cost subsidy for freshwater aquaculture in newly constructed ponds to expand fisheries production in Haryana.,"['Aquaculture', 'Fish Farmers', 'Subsidy', 'Entrepreneurs']",2025-11-26T22:18:29.576638
W6E9GJgBXu-iUKXqEHnm,{},['Gujarat'],ACFPAST,State,Individual,,"['Agriculture,Rural & Environment']",Assistance of Concentrate Feed for Pregnant Animals (Scheduled Tribe Category),,1.0,acfpast,"This scheme provides free BIS type II concentrate feed to pregnant cattle owned by Scheduled Tribe Category livestock owners in Gujarat to ensure their good health, boost immunity, prevent metabolic diseases, and enhance milk production.

","['Animal Husbandry', 'Pregnant Cattle', 'Milk Production']",2025-11-26T22:18:29.576638
gqHCF5gBXu-iUKXqCHec,{},['Haryana'],SCFKIKAOFHR,State,Individual,,"['Agriculture,Rural & Environment', 'Skills & Employment']",PMMSY: Construction of Fish Kiosks Including Kiosks of Aquarium/Ornamental Fish-Haryana,,1.0,scfkikaofhr,"The scheme aims to provide central assistance for the construction of fish kiosks, including those for aquarium/ornamental fish.","['Subsidy', 'Aquarium', 'Ornamental', 'Construction', 'Koisks']",2025-11-26T22:18:29.576638
i8bCF5gB0AGc0F0iCDZO,{},['Haryana'],CNGOPHR,State,Individual,,"['Agriculture,Rural & Environment']",PMMSY: Construction of New Grow Out Ponds - Haryana,,1.0,cngophr,"The scheme aims to expand fisheries in various urban and semi-urban areas through the construction of new grow-out ponds. Through this scheme, subsidies are provided for the construction of new grow-out ponds to beneficiaries who are engaged in fisheries.","['Subsidy', 'Fish', 'Farming', 'PMMSY', 'Ponds']",2025-11-26T22:18:29.576638
e6HCF5gBXu-iUKXqB3eA,{},['Haryana'],CNPSAAHR,State,Individual,,"['Agriculture,Rural & Environment']",PMMSY: Construction of New ponds for Saline /Alkaline areas-Haryana,,1.0,scnpsaahr,"The scheme aims to expand fisheries in various urban and semi-urban areas. Through this scheme, subsidies for the construction of new ponds and central financial assistance for the initial fish crop on newly constructed ponds are provided to beneficiaries. ","['Construction', 'Ponds', 'Fish Crop', 'Lease']",2025-11-26T22:18:29.576638
msbCF5gB0AGc0F0ifDYs,{},['Haryana'],SWSCFFSS2Y5YLM,State,Individual,,"['Agriculture,Rural & Environment']",Scheme for the Welfare of Schedule Caste Families in Fisheries Sector: Subsidy on 2nd Year to 5th Year Lease Money,,1.0,so2yt5ylm,"The objective of the scheme is to provide full-time employment to individuals from Scheduled Caste families in the fisheries sector and uplift their economic status by promoting fish farming through financial assistance for leasing Panchayati ponds or watershed areas. 
","['Subsidy', 'Fish Farming', 'Scheduled Caste', 'Fisheries', 'Lease', 'Fish']",2025-11-26T22:18:29.576638
m6Htb5gBXu-iUKXqRnki,{},['Gujarat'],NMSA-RADG,State,Individual,,"['Agriculture,Rural & Environment']",National Mission for Sustainable Agriculture - Reinforced Area Development,,1.0,nmsa-radg,"The scheme ""National Mission for Sustainable Agriculture - Reinforced Area Development"" aims to promote sustainable agriculture through improved agronomic practices, efficient resource use, and integrated farming systems by providing financial support to all farmers.","['Agriculture', 'Soil Health', 'Crop Diversification', 'Integrated Farming']",2025-11-26T22:18:29.576638
WqHBF5gBXu-iUKXqiXeA,{},['Uttarakhand'],SDSUK,State,Individual,,"['Agriculture,Rural & Environment']",Sugarcane Development Scheme,,1.0,sdsuk,"The ""Sugarcane Development Scheme"" by the Sugarcane Development and Sugar Industry, Govt of Uttarakhand, aims to support quality sugarcane cultivation. It provides subsidies to farmers for nursery development, seed/soil treatment, and sett treatment to manage pests and diseases.","['Sugarcane', 'Farmers', 'Seed Production', 'Nursery Development', 'Subsidy']",2025-11-26T22:18:29.576638
w8au25gB0AGc0F0ibzi5,{},['Gujarat'],NMOEHT,State,Individual,,"['Agriculture,Rural & Environment']",National Mission on Edible Oil- Oil Palm: Harvesting Tools,,1.0,nmoeht,"The scheme component ""Harvesting Tools"" launched under the ""National Mission on Edible Oil–Oil Palm"" scheme aims to increase the production of oil palm and reduce its import by providing subsidies for various harvesting tools to farmers in the state.

","['Edible Oil', 'Agricultural Equipment Subsidy', 'Cutter', 'Wire Mash']",2025-11-26T22:18:29.576638
r8ZZ1ZgB0AGc0F0iQTgM,{},['Gujarat'],NMOEROP,State,Individual,,"['Agriculture,Rural & Environment']",National Mission on Edible Oil- Oil Palm: Replanting of Old Oil Palm Garden,,1.0,nmoerop,"The scheme component ""Replanting of Old Oil Palm Garden"" launched under the ""National Mission on Edible Oil–Oil Palm"" scheme aims to enhance oil palm production and lower dependency on imports by supporting farmers in uprooting and replanting old oil palm gardens.","['Edible Oil', 'Oil Palm', 'Oil Palm Replanting', 'Subsidy']",2025-11-26T22:18:29.576638
kxdVu5gB5uF80_MGeJTu,{},['Gujarat'],SFVPTPHDF,State,Individual,,"['Agriculture,Rural & Environment', 'Skills & Employment']",Scheme for Fruit and Vegetable Preservation and Training Program in Horticulture Department HRT 5,,1.0,sfvptphdf,"The ""Scheme for Fruit and Vegetable Preservation and Training Program in Horticulture Department HRT 5"" aims to enhance the skills of women through training on value addition, preservation, and kitchen gardening of horticultural produce, while also providing a daily stipend and training support.","['Horticultural Training', 'Fruit Preservation', 'Women Empowerment', 'Kitchen Gardening', 'Stipend']",2025-11-26T22:18:29.576638
oxen25gB5uF80_MGrpSy,{},['Gujarat'],AFPC,State,Individual,,"['Agriculture,Rural & Environment']",Assistance for Protected Cultivation,,1.0,afpc,"The scheme “Assistance for Protected Cultivation” by the Agriculture and Co-operation Department, Government of Gujarat aims to promote protected horticulture practices by providing financial assistance to farmers for mulching, plug nursery, polyhouse, shed net house, and nursery development.","['Agriculture', 'Protected Cultivation', 'Mulching', 'Plug Nursery', 'Subsidy']",2025-11-26T22:18:29.576638
1KFo_pgBXu-iUKXqN3lO,{},['Gujarat'],PMMSYSBEGUJ,State,Individual,,"['Agriculture,Rural & Environment']",Pradhan Mantri Matsya Sampada Yojana (PMMSY-Inland): Small Biofloc Establishment Gujarat,,1.0,pmmsysbeguj,The scheme aims to increase inland fish production and generate employment through innovative fish farming techniques like Biofloc and RAS.,"['Fish Farming', 'Biofloc', 'Recirculating Aquaculture System', 'Fish', 'Small Biofloc Establishment']",2025-11-26T22:18:29.576638
thdt_pgB5uF80_MGdpQQ,{},['Gujarat'],DSMPVHFPOPEGUJ,State,Individual,,"['Agriculture,Rural & Environment']",Distribution of Seeds of more productions varieties/ Hybrids varieties Seeds and fertilizer at subsidies etc. to Adivasi farmers in Tribal Area: Power Operated Plant Protection Equipment Gujarat,,1.0,dsmpvhfpopeguj,The scheme aims to help farmers belonging to scheduled tribes and tribal cultivators residing outside tribal areas achieve higher production of agricultural crops and improve their livelihood.,"['Adivasi Farmers', 'Crop Production', 'Livelihood', 'Seeds', 'Fertilizer', 'Subsidies', 'Power Operated Plant Protection Equipment']",2025-11-26T22:18:29.576638
2cZt_pgB0AGc0F0iwTi4,{},['Gujarat'],DSPVHFAFEFCGUJ,State,Individual,,"['Agriculture,Rural & Environment']",Distribution of Seeds of more productions varieties/ Hybrids varieties Seeds and fertilizer at subsidies etc. to Adivasi farmers in Tribal Area: Agricultural Fair/Exhibition/Farmer Camp Gujarat ,,1.0,dspvhfafefcguj,"The scheme aims to improve the agricultural productivity and the livelihood of Adivasi farmers. It provides hybrid seeds, fertilizers, equipment, and support for agricultural fairs.","['Adivasi Farmers', 'Crop Production', 'Farmer Camp', 'Seeds', 'Fertilizer', 'Exhibition', 'Agricultural Fair']",2025-11-26T22:18:29.576638
uBdt_pgB5uF80_MGpZRu,{},['Gujarat'],DSMPVHVFPSGUJ,State,Individual,,"['Agriculture,Rural & Environment']",Distribution of Seeds of more productions varieties/ Hybrids varieties Seeds and fertilizer at subsidies etc. to Adivasi farmers in Tribal Area: Pump Set (TASP & OTASP) Gujarat,,1.0,dsmpvhvfpsguj,The scheme aims to improve agricultural productivity and livelihood. It provides subsidized pump sets and farm inputs to Scheduled Tribe farmers (except Dang district).,"['Adivasi Farmers', 'Crop Production', 'Livelihood', 'Seeds', 'Fertilizer', 'Subsidies', 'Pump Set']",2025-11-26T22:18:29.576638
qxec9JgB5uF80_MGtZR0,{},['Gujarat'],IFPIFTRAININGKITGUJ,State,Individual,,"['Agriculture,Rural & Environment']",To Increase Fish Seed Production And Inland Fisheries Equipment In Tribal Areas: Training Kit Gujarat,,1.0,ifpiftrainingkitguj,The scheme aims to provide training and equipment to boost inland fisheries among Scheduled Tribe beneficiaries.,"['Fish', 'Fish Activities', 'Fish Production', 'Scheduled Tribes', 'Fishermen', 'Training Kit']",2025-11-26T22:18:29.576638
-8auLpkB0AGc0F0i6zhZ,{},['Gujarat'],PMMSYRVGUJ,State,Individual,,"['Agriculture,Rural & Environment']",PMMSY: Refrigerated vehicles - Gujarat,,1.0,pmmsyrvguj,"The scheme aims to provide financial assistance for the purchase of vehicles. Through this scheme, subsidy benefits are provided to general, women, and SC/ST category beneficiaries.","['Construction Of Plant', 'Storage', 'Fishermen', 'Fish Sellers']",2025-11-26T22:18:29.576638
JqGWeZkBXu-iUKXqM3pv,{},['All'],PMRDFS,Central,Individual,Ministry Of Rural Development,"['Agriculture,Rural & Environment', 'Skills & Employment']",Prime Minister’s Rural Development Fellows Scheme,,1.0,pmrdfs,"The scheme aims to provide short term catalytic support to the District Administration in backward districts to improve programme delivery and simultaneously develop a cadre of Development Facilitators. Fellows receive professional experience, structured learning, and a monthly stipend.","['Youth', 'Professional', 'Fellowship', 'Rural', 'Training']",2025-11-26T22:18:29.576638
LqGhfJkBXu-iUKXqe3pU,{},['Chhattisgarh'],GKDKBDTMFKPY,State,Individual,,"['Agriculture,Rural & Environment']","Grishm Kaleen Dhan Ke Badle Dalhan, Tilhan, Makka Fasal ko Protsahan Yojana",,1.0,gkdkbdtmfkpy,"The scheme was launched on April 30, 2014,  under the Agriculture Development and Farmer Welfare and Biotechnology Department, Chhattisgarh. The scheme aims to promote the cultivation of pulses, oilseeds, and maize as an alternative to summer rice, helping to conserve groundwater.","['Agriculture', 'Oilseed', 'Farmer', 'Crop', 'Rural']",2025-11-26T22:18:29.576638
LBdfv5kB5uF80_MG-ZXt,{},['Madhya Pradesh'],KCCP,State,Individual,,"['Agriculture,Rural & Environment', 'Banking,Financial Services and Insurance']",Kisan Credit Card (Pashupalan),,1.0,kccp,The scheme aims to provide short-term working capital loans for livestock activities by offering eligible livestock farmers interest-subsidized loans for operational purposes through banks.,"['Loan', 'Livestock', 'Cooperative Society', 'Interest Rate', 'Farmer', 'Agriculture']",2025-11-26T22:18:29.576638
WqHnBpoBXu-iUKXqZnqz,{},['Goa'],ATSSSG,State,Individual,,"['Agriculture,Rural & Environment']",Assistance Towards Sugarcane Supplied By The Sugarcane Growers,,1.0,atsssg,"The scheme aims to assist Sugarcane Growers to take up sugarcane cultivation in the State of Goa. It provides financial support to farmers cultivating sugarcane, paid based on actual tonnage supplied at the factory weighbridge as per the Fair & Remunerative Price.","['Farmer', 'Sugarcane', 'Crop', 'Agriculture', 'Financial Assistance']",2025-11-26T22:18:29.576638
YMbwzpkB0AGc0F0i8jkQ,{},['Madhya Pradesh'],CHDICBWA,State,Individual,,"['Agriculture,Rural & Environment', 'Health & Wellness']",Compensation for Human Death or Injury Caused by Wild Animals,,1.0,chdicbwa,The scheme aims to provide financial relief to victims or families affected by wild animal attacks in both urban and rural areas through timely monetary compensation.,"['Financial Assistance', 'Deceased', 'Injured', 'Wild Animal']",2025-11-26T22:18:29.576638
bsYOCpoB0AGc0F0i2Tk3,{},['Gujarat'],RTMEAS,State,Individual,,"['Agriculture,Rural & Environment']",Rotavator/Thresher Machine Equipment Assistance Scheme,,1.0,rtmeas,The scheme aims to support BPL Scheduled Tribe farmers in tribal areas by providing financial assistance to purchase rotavators and thresher machines.,"['Farmer', 'Financial Assistance', 'Self-employment', 'Machines', 'BPL']",2025-11-26T22:18:29.576638
caFmJJoBXu-iUKXqW3rp,{},['Uttarakhand'],SMM,State,Individual,,"['Agriculture,Rural & Environment']",State Millet Mission,,1.0,smm,"The mission aims to promote millet cultivation, ensure fair prices for farmers, and strengthen food security in the state. It seeks to support farmers, particularly in mountain districts, by procuring millet crops such as Mandua and Jhangora at the minimum support price through cooperative groups.","['Millet', 'Farmer', 'Mandua', 'Jhangora', 'Food Security']",2025-11-26T22:18:29.576638
b6FbJJoBXu-iUKXqH3r_,{},['Uttarakhand'],ASKB,State,Individual,,"['Agriculture,Rural & Environment', 'Business & Entrepreneurship']",Allotment of Shops in Kisan Bazaar,,1.0,asfm,The scheme aims to facilitate trade in products other than agricultural produce by providing commercial shops in Kisan Bazaars. The shops are allotted to eligible residents of Uttarakhand through public notices published in newspapers and displayed at public places.,"['Farmer Market', 'Kisan Bazaar', 'Shop Allotment']",2025-11-26T22:18:29.576638
h8YiKZoB0AGc0F0iXzkp,{},['Madhya Pradesh'],AS-SPP,State,Individual,,"['Agriculture,Rural & Environment']",Annapurna Scheme: Seed Production Programme,,1.0,as-spp,The scheme aims to enhance the production and economic status of Scheduled Caste and Scheduled Tribe small and marginal farmers. It provides Foundation or Certified Grade I seeds for high-yielding food grain crops with a 75% subsidy to registered farmers operating near Government agricultural farms.,"['Agriculture', 'Seed', 'Farmer', 'Subsidy', 'Crop', 'Production']",2025-11-26T22:18:29.576638
c6GJJpoBXu-iUKXqWXo0,{},['Madhya Pradesh'],AS-SEP,State,Individual,,"['Agriculture,Rural & Environment']",Annapurna Scheme: Seed Exchange Programme,,1.0,as-sep,"The scheme aims to increase agricultural productivity and production for SC/ST farmers who cannot afford improved seeds. It provides high-yielding improved seed varieties, up to one hectare, in exchange for existing crop or seed, backed by a 75% subsidy with a maximum limit of ₹1,500/-.","['Agriculture', 'Seed', 'Farmer', 'Subsidy', 'Crop']",2025-11-26T22:18:29.576638
WRdYKZoB5uF80_MGQZUd,{},['Uttarakhand'],SMAMUK,State,Individual,,"['Agriculture,Rural & Environment']",Sub-Mission on Agricultural Mechanization - Uttarakhand,,1.0,smamuk,"The scheme aims to encourage farm mechanization purchasing and providing 50% subsidy/financial assistance to SC/ST, small and marginal, and women farmers (of all categories), while 40% subsidy/financial assistance is provided to other (large) farmers. ","['Farmer', 'Agricultural', 'Mechanization', 'Small Farmer', 'Marginal Farmer', 'Subsidy', 'Farm Equipment']",2025-11-26T22:18:29.576638
XRd1KZoB5uF80_MGPJVq,{},['Uttarakhand'],SMAMCHCBFUK,State,Individual,,"['Agriculture,Rural & Environment']",Sub-Mission on Agricultural Mechanization (SMAM) for Custom Hiring Centres / Big Farmers - Uttarakhand,,1.0,smamchcbfuk,"Under this scheme, individual large farmers, farmer groups, cooperatives, self-help groups, and custom hiring centres in the state can purchase agricultural equipment at a subsidized rate, with the Government of India providing a maximum subsidy of 40%.","['Farmer', 'Agricultural', 'Mechanization', 'Subsidy', 'Custom Hiring Centre', 'Self-help Group']",2025-11-26T22:18:29.576638
jsZ4KZoB0AGc0F0i3zkz,{},['Uttarakhand'],PKVYUK,State,Individual,,"['Agriculture,Rural & Environment']",Paramparagat Krishi Vikas Yojana - Uttarakhand,,1.0,pkvyuk,"The scheme aims to promote & support organic farming among farmers in Uttarakhand. The scheme provides financial assistance of ₹9,000/- per hectare to farmers for the purchase of organic inputs, including seeds, compost, green manure, biofertilizers, biopesticides, neem oil, etc. ","['Farmer', 'Traditional Agriculture', 'Organic Farming']",2025-11-26T22:18:29.576638
jMZwKZoB0AGc0F0iNTk1,{},['Uttarakhand'],KUKSY,State,Individual,,"['Agriculture,Rural & Environment']", Krishak Utpadak Kshati Sahayata Yojana,,1.0,kuksy,"The scheme aims to provide financial assistance and compensation to farmers in the event of loss or damage to crops, livestock, or agricultural land caused by fire, flood, or heavy rains in the notified areas of the state.","['Agriculture', 'Damage Assistance', 'Farmer', 'Natural Calamities', 'Crop Damage', 'Compensation']",2025-11-26T22:18:29.576638
hqG8OZoBXu-iUKXqJHos,{},['Madhya Pradesh'],MPLVY,State,Individual,,"['Agriculture,Rural & Environment']",Madhya Pradesh Lok Vaniki Yojana,,1.0,mplvy,"The scheme aims to provide for the management of tree covered areas located on private land and revenue land under the MP Public Forestry Act, 2001. The scheme benefits landowners, Gram Panchayats, or Gram Sabhas by allowing them to undertake the scientific management of their tree covered areas.","['Forest', 'Management', 'Village', 'Panchayat', 'Trees', 'Land']",2025-11-26T22:18:29.576638
oKGsTpoBXu-iUKXqG3oC,{},['Uttarakhand'],IGFHALUK,State,Individual,,"['Agriculture,Rural & Environment']",Investment Grant for Farmers with More than 2 Hectares of Agricultural Land,,1.0,igfhaluk,The scheme aims to provide financial assistance to farmers owning more than 2 hectares of agricultural land who suffer crop losses due to natural disasters.,"['Agricultural Land', 'Crop Losses', 'Natural Calamities', 'Investment Grant', 'Farmer', 'Disaster']",2025-11-26T22:18:29.576638
8BfXF5gB5uF80_MGxpKQ,{},['Rajasthan'],JH,State,Individual,,"['Agriculture,Rural & Environment']",Jal Hauj,,1.0,jh,The objective of the Jal Hauj scheme is to promote sustainable water management practices and address water scarcity issues by facilitating the construction of water harvesting structures. ,"['Jal Hauj', 'Agriculture', 'Farming', 'Tube Well']",2025-11-26T22:18:29.576638
U6G8F5gBXu-iUKXqTnaz,{},['Rajasthan'],FP,State,Individual,,"['Agriculture,Rural & Environment']",Fasal Pradarshan,,1.0,fp,"Under this scheme, the Agriculture Department organizes field and crop demonstrations to showcase advanced crop production methods and the latest technologies to farmers.","['Agriculture', 'Financial Support', 'Crop Display', 'Farmer']",2025-11-26T22:18:29.576638
UaG8F5gBXu-iUKXqTnZH,{},['Haryana'],SEBPUMMAPUY,State,Individual,,"['Agriculture,Rural & Environment']",Scheme for Establishment of Backyard Poultry Units under Mukhya Mantri Antyodaya Parivaar Utthan Yojana,,1.0,sebpummapuy,"Under this scheme, 50 chicks of 10 days of age from the Government Hatchery Farm along with two feeders and two water drinkers are provided free of cost to each beneficiary family at their doorstep.  ","['MMAPUY', 'Backyard Poultry', 'Chicks', 'Feeders', 'Water Drinkers', 'Hatchery', 'Unemployed']",2025-11-26T22:18:29.576638
isa8F5gB0AGc0F0iUzUm,{},['Haryana'],SPEOEPSGUG,State,Individual,,"['Agriculture,Rural & Environment']","Scheme for Providing Employment Opportunities by Establishing Piggery, Sheep and Goat Units (General)",,1.0,speoepsgug,"This scheme is a credit linked scheme with a primary objective of providing self-employment opportunities, the unemployed persons will be assisted by way of establishing Sheep or Goat Units (15 female+1 male) and Piggery Unit (10 female+1 male). ","['Self-employment', 'Piggery Unit', 'Sheep Unit', 'Goat Unit', 'Animal Husbandry', 'Unemployed', 'Financial Assistance', 'Subsidy']",2025-11-26T22:18:29.576638
f6HmF5gBXu-iUKXq33ha,{},['All'],SMBDLP,Central,Individual,"Ministry of Fisheries,Animal Husbandry and Dairying","['Business & Entrepreneurship', 'Agriculture,Rural & Environment']",Sub-mission on Breed Development of Livestock and Poultry,,1.0,smbdlp,"The Department of Animal Husbandry & Dairying introduced the National Livestock Mission as umbrella scheme. The ""Sub-mission on Breed Development of Livestock and Poultry"" is the realigned National Livestock Mission, which is the scheme's sub-mission.","['Rural', 'Poultry', 'Farming', 'Livestock']",2025-11-26T22:18:29.576638
a6G8F5gBXu-iUKXqVHZ7,{},['Haryana'],SEH-TMDUMMAPUY,State,Individual,,"['Agriculture,Rural & Environment']",Scheme for Establishment of Hi-Tech and Mini Dairy Units under Mukhya Mantri Antyodaya Parivaar Utthan Yojana,,1.0,seh-tmdummapuy,"Under this scheme, a resident of Haryana who is between 18 and 60 years of age can avail a 25% subsidy on the cost of two milch animals. The subsidy can be availed as a loan for the purchase of these milch animals by the beneficiary for the establishment of dairy units with two milch animals.","['Hi-Tech', 'Mini Dairy Unit', 'Animal Husbandry', 'Subsidy', 'Milch Animal', 'Financial Assistance']",2025-11-26T22:18:29.576638
CBfYF5gB5uF80_MG15ML,{},['Tamil Nadu'],DALPS,State,Individual,,"['Social welfare & Empowerment', 'Women and Child', 'Agriculture,Rural & Environment']",Destitute Agricultural Labourers Pension Scheme,,1.0,dalps,"The ""Destitute Agricultural Labourers Pension Scheme"" was launched by the Social Welfare and Nutritious Meal Programme Department, Government of Tamil Nadu. The scheme aims to give pensions of ₹1,000/- to destitute agricultural labourers of 60 years and above and dhoti, saree supplied on festivals. ","['Destitute', 'Farmer', 'Financial Assistance', 'Labour', 'Senior Citizen', 'Clothes']",2025-11-26T22:18:29.576638
QRe7F5gB5uF80_MG05F6,{},['Madhya Pradesh'],NKYMP,State,Individual,,"['Agriculture,Rural & Environment']",Nalkoop Khanan Yojana- Madhya Pradesh,,1.0,nkymp,"Under this scheme, farmers from SC and ST categories are eligible for a subsidy covering 75% of the unit cost (up to ₹25,000/-) for digging a tube well and 75% of the unit cost (up to ₹15,000/-) for the successful installation of a tube well submersible pump.","['Nalkoop', 'Farmer', 'Pump', 'Subsidy', 'Tube Well']",2025-11-26T22:18:29.576638
khe9F5gB5uF80_MGbZHu,{},['Tamil Nadu'],MNS,State,Individual,,"['Agriculture,Rural & Environment']",Micro Nutrient Spray,,1.0,mns,"The “Micro Nutrient Spray” scheme provides a 50% subsidy or ₹70/- per hectare to eligible farmers, with a focus on ensuring benefits to SC/ST and women farmers.
","['Agriculture', 'Farmer', 'Micro Nutrient Spray', 'Subsidy']",2025-11-26T22:18:29.576638
9Rc7GJgB5uF80_MGJJNK,{},['Bihar'],MBYSVY,State,Individual,,"['Agriculture,Rural & Environment']",Mukhyamantri Bagwani Mission: Strawberry Vikas Yojana,,1.0,mbysvy,"The scheme aims to promote strawberry cultivation across 20 districts in Bihar. It provides subsidies on seedlings, packaging materials, and equipment to support farmers in enhancing strawberry production.
","['Agriculture', 'Subsidy', 'Plant Supply', 'Financial Assistance', 'Strawberry Development']",2025-11-26T22:18:29.576638
oMbpF5gB0AGc0F0iZDcU,{},['Bihar'],MBYAVY,State,Individual,,"['Agriculture,Rural & Environment']",Mukhyamantri Bagwani Mission: Aam Vikas Yojana,,1.0,mbyavy,"The Scheme aims to expand plantain cultivation across all districts in Bihar. Farmers can receive subsidies for up to 10 acres and access high-quality tissue-cultured plants for cultivation.
","['Agriculture', 'Subsidy', 'Plant Supply', 'Financial Assistance', 'Mango Development']",2025-11-26T22:18:29.576638
9xc7GJgB5uF80_MGJJO3,{},['Bihar'],AKCKVY,State,Individual,,"['Agriculture,Rural & Environment']",Aaloo Ke Kufri Chipsona-1 Prabhed Ke Kshetra Vistaar Yojana,,1.0,akckvy,"The scheme aims to increase the production of Kufri Chipsona variety suitable for potato processing in Bihar by expanding its area and to increase the income of farmers by promoting processing.
","['Agriculture', 'Subsidy', 'Plant Supply', 'Financial Assistance', 'Potato', 'Kufri Chipsona Varient']",2025-11-26T22:18:29.576638
H8Y7GJgB0AGc0F0iJjgC,{},['Bihar'],BMKY,State,Individual,,"['Agriculture,Rural & Environment']",Beej Masaale Ki Yojana,,1.0,bmky,"The scheme aims to encourage the farmers to cultivate identified seed spices such as coriander and fenugreek keeping in mind their medicinal and nutritional properties.
","['Agriculture', 'Subsidy', 'Seed Supply', 'Financial Assistance', 'Spice Seed', 'Spice Farming']",2025-11-26T22:18:29.576638
pKG9F5gBXu-iUKXq3nZ3,{},['Madhya Pradesh'],TOAIFSE,State,Individual,,"['Agriculture,Rural & Environment', 'Skills & Employment']",Training on Artificial Insemination for Self-Employment,,1.0,toaifse,"The ""Training on Artificial Insemination for Self-Employment"" by the Animal Husbandry Department, Madhya Pradesh promotes milk production and employment. Trained Gausevaks get an honorarium of ₹4,000 and equipment worth ₹18,000. ","['Employment', 'Training', 'Animal Husbandry', 'Unemployed']",2025-11-26T22:18:29.576638
x8a9F5gB0AGc0F0i4DX6,{},['Madhya Pradesh'],GIS,State,Individual,,"['Agriculture,Rural & Environment']",Gopal Incentive Scheme,,1.0,gis,"The ""Gopal Incentive Scheme"" by the Animal Husbandry Department, Government of Madhya Pradesh, promotes the rearing of Indian high-breed cattle and boosts milk production, benefiting animal breeders and livestock farmers with access to Indian advanced breed cows.","['Cows', 'Animal', 'Awards', 'Farmers']",2025-11-26T22:18:29.576638
NKHbF5gBXu-iUKXqXXje,{},['Jharkhand'],MMJVS,State,Individual,,"['Agriculture,Rural & Environment']",Mukhyamantri Jan-Van Scheme,,1.0,mmjvs,"The Mukhyamantri Jan-Van Scheme aims to promote tree plantation on private lands in Jharkhand to enhance farmers' income, conserve the environment, and reduce pressure on notified forests. Farmers are encouraged to plant trees on their lands with incentives covering 75% of plantation and maintenance","['Financial Assistance', 'Increased Income', 'Farmers', 'Trees']",2025-11-26T22:18:29.576638
QMbbF5gB0AGc0F0i3TdX,{},['Madhya Pradesh'],SOKCOS,State,Individual,,"['Agriculture,Rural & Environment']",Supply of Kadaknath Chicks on Subsidy,,1.0,sokcos,"The scheme ""Supply of Kadaknath Chicken on Grant"" aims to improve the economic condition of beneficiaries through poultry farming and protect and promote the Kadaknath breed. Beneficiaries receive 40 chicks along with food grains, medicine, and transportation support for 28 days.","['Subsidy', 'Chicken', 'Farming', 'Veterinary', 'Poultry']",2025-11-26T22:18:29.576638
68a-F5gB0AGc0F0iYjWa,{},['Tamil Nadu'],DCCBSSI,State,Individual,,"['Banking,Financial Services and Insurance', 'Agriculture,Rural & Environment']",District Central Cooperative Banks and through its Branches: For SSI Unit Loan and Other NFS Activities,,1.0,dccbssi,"This scheme provides financial assistance for SSI unit loans and other Non-Farm Sector (NFS) activities through District Central Cooperative Banks and their branches.
","['SSI Unit Loan', 'Non-Farm Sector Activities', 'Agriculture', 'Industries']",2025-11-26T22:18:29.576638
mKG9F5gBXu-iUKXqbXar,{},['Tamil Nadu'],DOSHC,State,Individual,,"['Agriculture,Rural & Environment']",Distribution of Soil Health Card,,1.0,doshc,"Under the “Distribution of Soil Health Card” scheme, Soil health cards will be distributed to all the farmers who have offered the soil sample for testing by paying a prescribed fee of ₹5/- each for Macro and Micronutrient testing.

","['Agriculture', 'Farmer', 'Soil Health Card']",2025-11-26T22:18:29.576638
Fhc9GJgB5uF80_MGBpQR,{},['Gujarat'],ETMAF,State,Individual,,"['Agriculture,Rural & Environment']",Establishment of 12 Milch Animal Farm,,1.0,etmaf,"The ""Establishment of 12 Milch Animal Farm"" scheme introduced by the Agriculture, Farmers Welfare and Cooperation Department, Gujarat, supports livestock owners in establishing dairy farms with up to 12 milch animals.","['Animal Husbandry', 'Rural Employment', 'Animal Farm']",2025-11-26T22:18:29.576638
PsY9GJgB0AGc0F0iCDh9,{},['Gujarat'],MDS,State,Individual,,"['Agriculture,Rural & Environment']",Millet Development Scheme,,1.0,mds,"The ""Millet Development Scheme"" introduced by the Agriculture, Farmers Welfare and Cooperation Dept., Gujarat, aims to promote millet cultivation in Gujarat by organizing promotional activities, expos, processing units, demonstrations(seed/input kit ), and taluka-level melas.","['Agriculture', 'Farmer', 'Millet Development', 'Input Kits', 'Seed']",2025-11-26T22:18:29.576638
IRc9GJgB5uF80_MGCZTh,{},['Gujarat'],EOGU,State,Individual,,"['Agriculture,Rural & Environment']",Establishment of Goat Unit (10 +1),,1.0,eogu,"The ""Establishment of Goat Unit (10+1)"" scheme by the Agriculture, Farmers Welfare and Cooperation Department, Gujarat, aims to promote the social and economic upliftment of goat breeders by encouraging goat breeding and genetic improvement through pure breeding.","['Animal Husbandry', 'Goat Breeding', 'Goat Unit']",2025-11-26T22:18:29.576638
FRe_F5gB5uF80_MG9JJL,{},['Gujarat'],TSHSDFL,State,Individual,,"['Agriculture,Rural & Environment']",Trainning Scheme for Horticulture Skill Development to Landless farm labour at Centre of Excelence of Department,,1.0,tshsdfl,"The ""Training Scheme for Horticulture Skill Development to Landless Farm Labour at Centre of Excellence of Department"" aims to provide skill development training in horticulture to landless farm labourers through the Centres of Excellence.","['Horticulture Training', 'Skill Development', 'Farmer']",2025-11-26T22:18:29.576638
K8a_F5gB0AGc0F0i8DaM,{},['Gujarat'],SMPACMETF,State,Individual,,"['Agriculture,Rural & Environment']",Scheme to Provide Assistance in Cow Maintenance Expenses to Farmers Practicing Completely Natural Farming Based on Indigenous Cows,,1.0,smpacmetf,"This scheme provides financial assistance for the maintenance of one indigenous cow to farmers who practice completely natural farming methods using native cows.

","['Agriculture', 'Animal Husbandry', 'Cattle Development', 'Natural Farming']",2025-11-26T22:18:29.576638
BRe_F5gB5uF80_MG8JKh,{},['Gujarat'],CSSSSPG,State,Individual,,"['Agriculture,Rural & Environment']",Capital Subsidy Scheme for Setting Up Solar Plant in Milk Cooperatives in Gujarat State (Tribal Area),,1.0,csssspg,"The scheme aims to promote renewable energy and reduce electricity expenses. Through this scheme, a 75% subsidy is provided for setting up solar plants (1KW to 40KW) in milk cooperative societies in tribal areas.","['Agriculture', 'Solar Subsidy', 'Milk Cooperatives', 'Renewable Energy', 'Electricity Saving']",2025-11-26T22:18:29.576638
Pca_F5gB0AGc0F0i9TZl,{},['Gujarat'],PTPAPMH,State,Individual,,"['Agriculture,Rural & Environment']",A Program to Provide 90 Percent Assistance in Planting Material of Horticultural Fruit Crops,,1.0,ptpapmh,"This scheme offers 90% financial assistance to farmers for purchasing planting materials of fruit crops to promote horticulture.

","['Agriculture', 'Horticultural', 'Fruit Crops']",2025-11-26T22:18:29.576638
m6HqF5gBXu-iUKXq83gD,{},['Gujarat'],TPFKCC,State,Individual,,"['Agriculture,Rural & Environment']",To Provide Interest Subvention to Fishermen of the State at the Rate of 4% to the Beneficiaries Kishan Credit Card,,1.0,tpfkcc,"The scheme aims to provide 4% interest subvention to the fishermen in Gujarat on timely repayment of short-term loans taken through the Kisan Credit Card.

","['Agriculture', 'Fisherman', 'Interest Subvention']",2025-11-26T22:18:29.576638
qqHrF5gBXu-iUKXqA3hx,{},['Gujarat'],TPFAFNFD,State,Individual,,"['Agriculture,Rural & Environment']",To Provide Financial Assistance to the Farmers Practicing Natural Farming Under the Completely Chemical Free Dang District,,1.0,tpfafnfd,"This scheme provides financial assistance to farmers practicing natural farming in the completely chemical-free Dang district to promote sustainable agriculture, increase productivity, and ensure environmental conservation.

","['Agriculture', 'Natural Farming', 'Soil Fertility']",2025-11-26T22:18:29.576638
Psa_F5gB0AGc0F0i9jbI,{},['Gujarat'],SPDICV,State,Individual,,"['Agriculture,Rural & Environment']",Scheme of Production of Domestic Indigenous Certified Seed of Cotton Varieties,,1.0,spdicv,"The ""Scheme of Production of Domestic Indigenous Certified Seed of Cotton Varieties""  introduced by the Agriculture, Farmers Welfare and Cooperation Department, aims to promote the cultivation and production of local cotton seed varieties across Gujarat.","['Agriculture', 'Cotton Seed', 'Subsidy', 'Farmer']",2025-11-26T22:18:29.576638
T6E9GJgBXu-iUKXqDXkd,{},['Gujarat'],ACFAPGC,State,Individual,,"['Agriculture,Rural & Environment']",Assistance of Concentrate Feed After Parturition (General Category),,1.0,acfapgc,"The scheme ""Assistance of Concentrate Feed After Parturition (General Category)"" provides 150 kg of BIS Type II concentrate feed to General Category livestock owners after parturition to support cattle health, increase milk production, and enhance calf development.","['Animal Husbandry', 'Cattle Development', 'Milk Production', 'Concentrate Feeds']",2025-11-26T22:18:29.576638
esbBF5gB0AGc0F0i_jZr,{},['Haryana'],IFSAWA,State,Individual,,"['Agriculture,Rural & Environment', 'Business & Entrepreneurship']",PMMSY: Inputs for Saline /Alkaline Water Aquaculture - Haryana,,1.0,sfifsawa,The subsidy for Inputs for Saline /Alkaline Water Aquaculture under Pradhan Mantri Matsya Sampada Yojana (PMMSY) provides input cost subsidy for saline/alkaline water aquaculture in newly created water bodies to expand fisheries production in Haryana.,"['Fish Farmers', 'Aquaculture', 'Entrepreneurs', 'Initial Crop']",2025-11-26T22:18:29.576638
jxfCF5gB5uF80_MGCZIz,{},['Haryana'],IOCIRS,State,Individual,,"['Agriculture,Rural & Environment']",PMMSY: Installation of Cages in Reservoirs Scheme - Haryana,,1.0,sfiocir,The scheme aims to promote cage fish farming. It provides grants per unit to the individuals and groups for sustainable aquaculture practices.,"['Fish Farming', 'Fishermen', 'Subsidy', 'Scheduled Caste', 'Women', 'General Category']",2025-11-26T22:18:29.576638
YqHBF5gBXu-iUKXq_nem,{},['Haryana'],IFDP-SSSFSC,State,Individual,,"['Agriculture,Rural & Environment']",Intensive Fisheries Development Programme - Subsidy on Solar System for fish/shrimp culture,,1.0,ssfschr,"Under this scheme, subsidies on solar systems for fish/shrimp culture are provided to eligible fish and shrimp farmers. The subsidy is given at 60% of the total project cost, or ₹30,000 per kW, whichever is lower. The maximum subsidy is limited to 30 kW for shrimp farmers and 10 kW for fish farmers.","['Subsidy', 'Solar System', 'Fish', 'Fish Farmer', 'Shrimp Culture']",2025-11-26T22:18:29.576638
mcbCF5gB0AGc0F0iezZt,{},['Assam'],ISWC-ATISIS,State,Individual,,"['Agriculture,Rural & Environment', 'Banking,Financial Services and Insurance']","""Interest Subvention on Working Capital"" under the ""Assam Tea Industries Special Incentives Scheme""",,1.0,iswc-atisis,"The scheme aims to ensure long term financial sustainability of the Tea industry and incentivize Orthodox tea production over Crush, Tear, Curl tea. It provides interest subvention, production subsidies, plant & machinery subsidies, tax holidays to tea plantations and manufacturing units in Assam.","['Subsidy', 'Capital', 'Interest', 'Incentive', 'Industry']",2025-11-26T22:18:29.576638
0Ma4F5gB0AGc0F0iMzR0,{},['Goa'],FASUOFUG,State,Individual,,"['Agriculture,Rural & Environment']",Financial Assistance for setting up of Ornamental Fish Unit in Goa,,1.0,fasuofug,"“Financial Assistance for setting up of Ornamental Fish Unit in Goa” is a scheme by the Dept. of Fisheries, Govt. of Goa. Through this scheme, financial assistance is provided to eligible fishermen for setting up Breeding Units and Rearing Units. The applications are accepted only in offline mode.","['Fishermen', 'Fish', 'Aquaculture', 'Subsidy', 'Financial Assistance']",2025-11-26T22:18:29.576638
baG3F5gBXu-iUKXqrHXB,{},['Meghalaya'],SDGTBPCCCC,State,Individual,,"['Agriculture,Rural & Environment']","Spices Development Ginger, Turmeric, Black Pepper, Cardamom, Coriander, Cinnamon and Chillies",,1.0,sdgtbpcccc,The objective of the scheme is to encourage farmers to produce good quality and diseased-free planting materials and to grow improved varieties of high-yielding spices.,"['Spices', 'Ginger', 'Turmeric', 'Black Pepper', 'Cardamom', 'Coriander', 'Cinnamon', 'Chillies', 'Farmer', 'Horticulture']",2025-11-26T22:18:29.576638
gaG3F5gBXu-iUKXqsXV3,{},['Meghalaya'],DMOCHN,State,Individual,,"['Agriculture,Rural & Environment']",Development and Maintenance of Orchard Cum Horti Nurseries,,1.0,dmochn,"The scheme has been launched for the production and multiplication of good, high-yielding, diseased free planting materials in the Government farms for distribution to farmers through the District Horticulture Officer.","['Orchard', 'Agriculture', 'Farmer', 'Horticulture', 'Training']",2025-11-26T22:18:29.576638
bBe4F5gB5uF80_MGMpBd,{},['Goa'],FAPFPFOOBM,State,Individual,,"['Agriculture,Rural & Environment']",Financial Assistance for Purchase of Fuel (Petrol) to the Fishermen for Operation of Out Board Motors,,1.0,fapfpfoobm,"The scheme “Financial Assistance for Purchase of Fuel (Petrol) to the Fishermen for Operation of Out Board Motors” is a scheme by the Department of Fisheries, Government of Goa. Through this scheme, a subsidy of ₹30 per Litre on a maximum consumption of 1700 Litre of Petrol is provided to fishermen.","['Fishermen', 'Fish', 'Subsidy', 'Financial Assistance', 'Petrol']",2025-11-26T22:18:29.576638
o8a3F5gB0AGc0F0irzSE,{},['Meghalaya'],TCPTC,State,Individual,,"['Agriculture,Rural & Environment']","Tuber Crops Potato, Tapioca, Colocasia",,1.0,tcptc,"The objective of the scheme is to boost up production and productivity of potato per unit area by providing quality HYV seeds, and equipment at a 50% subsidy. ","['Tuber Crops', 'Potato', 'Tapioca', 'Colocasia', 'Farmer', 'Agriculture', 'Subsidy', 'Horticulture']",2025-11-26T22:18:29.576638
Wxe4F5gB5uF80_MGLpAF,{},['All'],CDPNER:CC,Central,Individual,Ministry Of Commerce And Industry,"['Agriculture,Rural & Environment']",Coffee Development Programme in North Eastern Region: Consolidation of Coffee,,1.0,cdpnercc,"The scheme ""Consolidation of Coffee"" aims to increase the productivity of the existing coffee holdings by gap filling or rejuvenation, followed by improved cultivation methods such as application of compost, bush management, shade management, pest and disease control, etc.","['Agriculture', 'Farmer', 'Subsidy', 'DBT', 'Financial Assistance']",2025-11-26T22:18:29.576638
dqG3F5gBXu-iUKXqr3W4,{},['Puducherry'],DVSMFMFC,State,Individual,,"['Agriculture,Rural & Environment']",Distribution of Vegetable Seeds Minikit & Fruits Minikit at Free of Cost,,1.0,dvsmfmfc,"“Distribution of Vegetable Seeds Minikit & Fruits Minikit at Free of Cost"" was launched by the Dept of Agriculture and Farmer's Welfare, UT of Puducherry. All the horticulture growers of rural & urban areas are provided with vegetable seeds minikit & fruits minikit worth ₹250/‐ free of cost.","['Seed', 'Crop', 'Farmer', 'Fruit', 'Vegetable']",2025-11-26T22:18:29.576638
Jxe3F5gB5uF80_MGNZD2,{},['All'],CDPNER:EC,Central,Individual,Ministry Of Commerce And Industry,"['Agriculture,Rural & Environment']",Coffee Development Programme in North Eastern Region: Expansion of Coffee,,1.0,cdpnerec,"The scheme ""Coffee Development Programme in North Eastern Region: Expansion of Coffee"" by the Coffee Board, Department of Commerce, Ministry of Commerce and Industry, aims to facilitate afforestation in the Jhum lands and help settle the tribals on a permanent footing.","['Agriculture', 'Farmer', 'DBT', 'Subsidy']",2025-11-26T22:18:29.576638
aaHkF5gBXu-iUKXqZ3i6,{},['All'],KSIS,Central,Individual,Ministry Of Agriculture and Farmers Welfare,"['Banking,Financial Services and Insurance', 'Agriculture,Rural & Environment']",Kera Suraksha Insurance Scheme,,1.0,ksis,"The ‘Kera Suraksha Insurance Scheme’ is a comprehensive Group Personal Accident Insurance Scheme, implemented by Coconut Development Board in association with Public Insurance companies for Coconut Tree Climbers/Neera Technicians/Coconut Harvesters. ","['Coconut Tree Climber', 'Insurance', 'Neera Technician', 'Coconut Harvester']",2025-11-26T22:18:29.576638
yaG0F5gBXu-iUKXqEHSv,{},['Telangana'],RYTHU BIMA,State,Individual,,"['Agriculture,Rural & Environment']",Rythu Bima Scheme,,1.0,rythu-bima,Rythu Bandhu Farmer Group Life  Insurance Scheme for Farmers” is a life insurance scheme by the Government of Telangana that provides insurance coverage to the nominee of a farmer in case of the farmer’s death. It is free for farmers and is implemented through LIC.,"['Farmer', 'Death Insurance', 'Life Insurance', 'Bima']",2025-11-26T22:18:29.576638
5Ma0F5gB0AGc0F0iEDNL,{},['All'],SR,Central,Individual,Ministry Of Agriculture and Farmers Welfare,"['Education & Learning', 'Agriculture,Rural & Environment']",Students Ready,,1.0,sr,"The Student Rural Entrepreneurship Awareness Development Yojana (READY)  was launched by Hon'ble Prime Minister on 25 July 2015.
","['Student', 'Ready', 'Agriculture']",2025-11-26T22:18:29.576638
SaHgF5gBXu-iUKXq6HgV,{},['Karnataka'],GKS,State,Individual,,"['Agriculture,Rural & Environment']",Ganga Kalyana Scheme,,1.0,gks,"Ganga Kalyana Scheme is implemented by Karnataka Minorities Development Corporation Limited.
This scheme is a fully subsidized scheme, bore wells, pumps and electrification are provided to minorities, and small and marginal farmers living in rural areas.",[],2025-11-26T22:18:29.576638
Vca2F5gB0AGc0F0iHTS2,{},['Meghalaya'],GSP,State,Individual,,"['Agriculture,Rural & Environment']",Guru Shishya Parampara,,1.0,gsp,"A scheme called ""Guru Shishya Parampara Scheme"" to preserve and promote rare and vanishing art forms on Classical or Folk/Tribal so that the young talents be nurtured to acquire skills in their chosen field of art art under the able guidance of Gurus","['Financial Assistance', 'Culture', 'Dance', 'Tradition']",2025-11-26T22:18:29.576638
PKG2F5gBXu-iUKXqH3Ux,{},['Gujarat'],AGR50S-APT,State,Individual,,"['Agriculture,Rural & Environment']",AGR-50 Scheme-Assistance To Purchase Tractors,,1.0,agr50s-apt,"The scheme “AGR-50 Scheme-Assistance to Purchase Tractors” was started by the Department of Agriculture, Farmers Welfare & Co-operation, Government of Gujarat in the year 2011-12. The scheme was implemented for the farmers to help in buying the tractor in the state.","['Agriculture', 'Farmer', 'Mechanization', 'Tractor', 'Financial Assistance']",2025-11-26T22:18:29.576638
MKG2F5gBXu-iUKXqHXVj,{},['Gujarat'],AGR3(FM)SSTF,State,Individual,,"['Agriculture,Rural & Environment']",AGR 3 (Farm Mechanization) Scheme For ST Farmers,,1.0,agr3fmsstf,"The scheme “AGR 3 (Farm Mechanization) Scheme for ST Farmers” was started by the Department of Agriculture, Farmers Welfare & Co-operation, Government of Gujarat.","['Agriculture', 'Farmer', 'Scheduled Tribe', 'Adivasi', 'Mechanization', 'Equipment', 'Financial Assistance']",2025-11-26T22:18:29.576638
Cxe2F5gB5uF80_MGH5Dv,{},['Gujarat'],AGR4(FM)SSCF,State,Individual,,"['Agriculture,Rural & Environment']",AGR 4 (Farm Mechanization) Scheme For SC Farmers,,1.0,agr4fmsscf,"The scheme “AGR 4 (Farm Mechanization) Scheme for SC Farmers” was started by the Department of Agriculture, Farmers Welfare & Co-operation, Government of Gujarat. ","['Agriculture', 'Farmer', 'Scheduled Caste', 'Mechanization', 'Equipment', 'Financial Assistance']",2025-11-26T22:18:29.576638
uhe1F5gB5uF80_MGJY_t,{},['Gujarat'],SSPFTDP,State,Individual,,"['Agriculture,Rural & Environment', 'Skills & Employment']",Stipend Scheme For Poultry Farming Training For Divyang People,,1.0,sspftdp,"The scheme “Stipend Scheme for Poultry Farming Training for Divyang People” was launched by the Department of Agriculture, Farmers Welfare & Co-operation, Government of Gujarat to raise the income of Divyang poultry farmers through scientific poultry farming training. ","['Poultry Farming', 'Divyang', 'Stipend', 'Training', 'Cash Assistance']",2025-11-26T22:18:29.576638
IMa1F5gB0AGc0F0iKTSP,{},['Chhattisgarh'],SSYC,State,Individual,,"['Agriculture,Rural & Environment']",Saur Sujala Yojana,,1.0,ssyc,"The Saur Sujala Yojana is to set up solar irrigation pumps for the irrigation needs of the farmers. The scheme has been started on November 01, 2016, with the aim of empowering the farmers by providing irrigation pumps to the farmers at subsidized rates. ","['Solar Irrigation Pumps', 'Empower', 'Farmers', 'Subsidy', 'Renewable Energy']",2025-11-26T22:18:29.576638
56G1F5gBXu-iUKXqJHTS,{},['Gujarat'],SSE25RBUWSE,State,Individual,,"['Agriculture,Rural & Environment', 'Business & Entrepreneurship']",Subsidy Scheme On Establishment Of 25 R.I.R. Birds' Unit For Weaker Section,,1.0,sse25rbuwse,"The scheme “Subsidy Scheme on Establishment of 25 R.I.R. Birds' Unit for Weaker Section” was launched by the Department of Agriculture, Farmers Welfare & Co-operation, Government of Gujarat to provide employment, nutritious diet and to raise the income of weaker section people of the society. ","['Poultry Farming', 'Rhode Island Red (RIR)', 'Subsidy', 'Weaker Section', 'Farmer']",2025-11-26T22:18:29.576638
QqG2F5gBXu-iUKXqH3X-,{},['Odisha'],SCDF,State,Individual,,"['Agriculture,Rural & Environment', 'Business & Entrepreneurship']",Semi-Commercial Duck Farming,,1.0,scdf,"The scheme “Semi-Commercial Duck Farming” started under the State Sector Scheme ""Encouragement of Commercial Poultry Entrepreneur and Promotion of Backyard Poultry Production"" to support small entrepreneurs in setting up Duck farms with a capacity of 1000 ducks.
","['Duck', 'Farming', 'Entrepreneurs', 'Subsidy', 'Farmer']",2025-11-26T22:18:29.576638
76G1F5gBXu-iUKXqJnQA,{},['Gujarat'],SSPFTSC,State,Individual,,"['Agriculture,Rural & Environment', 'Skills & Employment']",Stipend Scheme For Poultry Farming Training For Schedule Caste,,1.0,sspftsc,"The scheme “Stipend Scheme for Poultry Farming Training for Schedule Caste” was launched by the Department of Agriculture, Farmers Welfare & Co-operation, Government of Gujarat to raise the income of poultry farmers of Scheduled Caste by scientific poultry farming training. ","['Poultry Farming', 'Schedule Caste', 'Stipend', 'Training', 'Cash Assistance']",2025-11-26T22:18:29.576638
46H9F5gBXu-iUKXqwHgj,{},['All'],ICROAIP,Central,Individual,Ministry Of Chemicals And Fertilizers,"['Agriculture,Rural & Environment', 'Education & Learning', 'Social welfare & Empowerment']",ICRO Amrit Internship Programme,,1.0,icroaip,"The IPL Centre for Rural Outreach (ICRO) has launched ICRO Amrit Internship Programme focused on youth productivity for prosperity. The interns will be placed at the headquarters and Regional Offices of NPC/ IPL. The duration of the internship will be 3 months initially, renewable up to four times.","['Internship', 'Student', 'Youth Productivity', 'Stipend']",2025-11-26T22:18:29.576638
2Be1F5gB5uF80_MGnY8k,{},['Chhattisgarh'],Rgkny,State,Individual,,"['Agriculture,Rural & Environment']",Rajiv Gandhi Kisan Nyay Yojana,,1.0,rgkny,"Rajiv Gandhi Kisan Nyay Yojana is a scheme of the Government of Chhattisgarh for the farmers. This scheme was launched on 21 May 2020, on the death anniversary of Rajiv Gandhi.","['Agriculture', 'Farmers', 'Paddy', 'Maize']",2025-11-26T22:18:29.576638
rhe1F5gB5uF80_MGIo_E,{},['Gujarat'],SSIEMAFST,State,Individual,,"['Agriculture,Rural & Environment']",Scheme For Subsidy On Interest For Establishment Of 1 To 20 Milch Animal Farm For Scheduled Tribe,,1.0,ssiemafst,"The scheme “Scheme for Subsidy on Interest for Establishment of 1 to 20 Milch Animal Farm for Scheduled Tribe” was started by the Dept. of Agriculture, Farmers Welfare & Co-operation, Govt. of Gujarat.","['Animal Husbandry', 'Scheduled Tribe', 'Cattle Farming', 'Subsidy', 'Loan']",2025-11-26T22:18:29.576638
WMa2F5gB0AGc0F0iHTTa,{},['Odisha'],PFMEIIAO,State,Individual,,"['Agriculture,Rural & Environment']",Popularisation Of Fishery Machinery/ Equipments/ Implements” For Intensive Aquaculture In Odisha For The Financial Year 2021-22,,1.0,pfmeiiao,"The aim of the ""Popularisation of Fishery Machinery/ Equipments/ Implements” for Intensive Aquaculture in Odisha for the Financial Year 2021-22"" scheme is to provide subsidy support to farmers/ fishers.","['Fishery', 'Fishery Machinery', 'Equipment', 'Aquaculture', 'Odisha', 'Farming']",2025-11-26T22:18:29.576638
xsbTF5gB0AGc0F0imDbU,{},['Rajasthan'],GGAY,State,Individual,,"['Agriculture,Rural & Environment']",Ghar Ghar Aushodhi Yojana,2026-08-01,1.0,ggay,Rajasthan government has planned a new scheme called Rajasthan Ghar Ghar Aushadhi Yojana to promote the use of Ayurvedic and medicinal herbs across the state.,"['Health', 'Planting', 'Disease-free Life', 'Agriculture']",2025-11-26T22:18:29.576638
M8a1F5gB0AGc0F0inDTW,{},['All'],RKVYSHFVLSTL,Central,Individual,Ministry Of Agriculture and Farmers Welfare,"['Agriculture,Rural & Environment']",RKVY Soil Health and Fertility Village level Soil Testing Lab,,1.0,rkvyshfvlstl,"In order to promote soil test analysis in a campaign mode and to create awareness among farmers about soil health for judicious use of chemical fertilisers, organic manure, the component of “Setting of Village-level Soil Testing Laboratories” is being implemented under the scheme.","['Soil Testing Lab', 'Soil Health', 'INM', 'Rural Entrepreneur', 'RKVY']",2025-11-26T22:18:29.576638
L8a1F5gB0AGc0F0inDRm,{},['All'],RKVYSHFSHC,Central,Individual,Ministry Of Agriculture and Farmers Welfare,"['Agriculture,Rural & Environment']",RKVY Soil Health and Fertility - Soil Health Card,,1.0,rkvyshfshc,"Soil Health Card is designed to give each farmer soil nutrient status of his/her holding and advice him/her on the dosage of fertilizers and also the needed soil amendments, that s/he should apply to maintain soil health in the long run. ","['Soil Health', 'INM', 'Soil Testing', 'Farmer', 'RKVY']",2025-11-26T22:18:29.576638
6ca5F5gB0AGc0F0iSjSm,{},['Maharashtra'],POCRA,State,Individual,,"['Agriculture,Rural & Environment']",Nanaji Deshmukh Krishi Sanjivani Prakalp,,1.0,pocra,"The project aims to enhance climate-resilience and profitability of smallholder farming systems in 15 project districts of Maharashtra through promotion of climate resilient technology and commodity value chain across approximately 5,000 drought-prone and/or sodicity/salinity affected villages.","['Climate Resilience', 'Farmers', 'NDKSP', 'Drought', 'Water Conservation', 'POCRA']",2025-11-26T22:18:29.576638
4sa5F5gB0AGc0F0iSjQd,{},['Maharashtra'],CHIEF MINISTER AGRICULTURE AND FOOD PROCESSING SCHEME,State,Individual,,"['Agriculture,Rural & Environment']",Chief Minister Agriculture and Food Processing Scheme,,1.0,chief-minister-agriculture-and-food-processing-scheme,"to encourage model technology based projects and quality enhancement of agriculture produce, to encourage exports, to create skill manpower for agro and food processing and employment generation through small and medium agro and food processing units in rural areas.",[],2025-11-26T22:18:29.576638
5Ma5F5gB0AGc0F0iSjQ-,{},['Maharashtra'],BHAUSAHEB FUNDKAR HORTICULTURE PLANTATAION SCHEME,State,Individual,,"['Agriculture,Rural & Environment']",Bhausaheb Fundkar Falbag Lagvad Scheme,,1.0,bhausaheb-fundkar-horticulture-plantataion-scheme,"This scheme includes, Plantation of sixteen perennial horticulture crops. Farmer from Konkan division can avail benefit of 0.10 Hector  to 10.00 Hector  and rest Of Maharashtra 0.20 Hector  to 6.00 Hector  ","['Direct Benefit Transfer', 'Farmer', 'General', 'Horticulture', 'Plantation']",2025-11-26T22:18:29.576638
gRe5F5gB5uF80_MGSZCY,{},['Puducherry'],PCCENGAES,State,Individual,,"['Agriculture,Rural & Environment']","""Protected Cultivation"" Component of ""Establishment of New Gardens (Area Expansion)"" Scheme",,1.0,pccengaes,"Through this scheme, the farmers are provided Poly House, Shade Net House (Tubular Structure), Plastic Mulching at subsidised rates for practising Protected Cultivation. In Puducherry, this scheme is implemented by the Department of Agriculture and Farmer's Welfare, Union Territory of Puducherry. ","['Cultivation', 'Farmer', 'Subsidy', 'Garden', 'Horticulture']",2025-11-26T22:18:29.576638
TxeiNpgB5uF80_MG95Sz,{},['Arunachal Pradesh'],ANBY,State,Individual,,"['Agriculture,Rural & Environment']",Atma Nirbhar Bagwani Yojana,,1.0,anby,The schemes are part of the Atma Nirbhar program announced during the Budget session held in February this year. A total amount of Rs 120 crores – Rs 60 crores for each scheme has been allocated to the two concerned departments of Agriculture and Horticulture.,"['Subsidy', 'Farmers', 'Umbrella Scheme']",2025-11-26T22:18:29.576638
n8Y_f5gB0AGc0F0ixThH,{},['Gujarat'],PMMSYICRGUJ,State,Individual,,"['Agriculture,Rural & Environment']",Pradhan Mantri Matsya Sampada Yojana (PMMSY-Inland): Installation of Cage in Reservoir - Gujarat,,1.0,pmmsyicrguj,The scheme aims to boost inland fish production and employment in fisheries. It provides financial assistance for cage installation in reservoirs to eligible beneficiaries.,"['Fish Farming', 'Biofloc', 'Recirculating Aquaculture System', 'Freshwater Hatcheries', 'Cage']",2025-11-26T22:18:29.576638
dBfvgpgB5uF80_MG-pQS,{},['Haryana'],MBBPUYHR,State,Individual,,"['Agriculture,Rural & Environment', 'Skills & Employment']",Mukhyamantri Bhed/Bakri (Sheep/Goat) Palak Uthan Yojana for Scheduled Castes,,1.0,mbbpuyhr,"The scheme aims to uplift Scheduled Caste beneficiaries. Through this scheme, sheep and goat units are provided free of cost, along with veterinary assistance, to eligible unemployed Scheduled Caste families.","['Sheep', 'Goat', 'Feeder', 'Scheduled Caste', 'Employment']",2025-11-26T22:18:29.576638
wcas25gB0AGc0F0iEzh9,{},['Gujarat'],NMEOESG,State,Individual,,"['Agriculture,Rural & Environment']",National Mission on Edible Oil- Oil Palm: Establishment of Seed Garden,,1.0,nmeoesg,"The scheme component ""Establishment of Seed Garden"" launched under the ""National Mission on Edible Oil–Oil Palm"" scheme aims to increase oil palm production in Gujarat and reduce imports by establishing seed gardens through infrastructure support to farmers.

","['Edible Oil', 'Seed Orchard Infrastructure', 'Oil Palm Nursery Development', 'Farmer']",2025-11-26T22:18:29.576638
xKGr25gBXu-iUKXqCXkK,{},['Gujarat'],AFAEFC,State,Individual,,"['Agriculture,Rural & Environment']",Assistance for Area Expansion in Fruit crops,,1.0,afaefc,"The scheme ""Assistance for Area Expansion in Fruit Crops"" aims to promote fruit crop cultivation through financial assistance for high density and ultra-high density plantations, tissue culture bananas, and papayas to farmers across the state.","['Agriculture', 'Fruit Crop', 'High Density Plantation', 'Tissue Culture Banana', 'Papaya Cultivation', 'Farmer']",2025-11-26T22:18:29.576638
zKEZ6pgBXu-iUKXqWnma,{},['Uttarakhand'],TRPS,State,Individual,,"['Social welfare & Empowerment', 'Agriculture,Rural & Environment']",Teelu Rauteli Pension Scheme,,1.0,dp-f,"The scheme aims to provide a monthly pension of ₹1,200/- to male and female individuals above 18 years of age who have incurred a partial disability of 20% to 40% while performing agricultural activities.","['Pension', 'Agricultural Activities', 'Disability', 'PwD']",2025-11-26T22:18:29.576638
xaGt25gBXu-iUKXq8Hmh,{},['Gujarat'],NMOEDP,State,Individual,,"['Agriculture,Rural & Environment']",National Mission on Edible Oil- Oil Palm: Drip Irrigation,,1.0,nmoedp,"The scheme component ""Drip Irrigation"" launched under the ""National Mission on Edible Oil–Oil Palm"" scheme aims to increase the production of oil palm in Gujarat and reduce imports from abroad by providing drip irrigation facilities to farmers under subsidy norms.

","['Edible Oil', 'Drip Irrigation', 'Subsidy', 'Farmer', 'Agriculture']",2025-11-26T22:18:29.576638
1cYL9ZgB0AGc0F0inzgQ,{},['Gujarat'],PMMSYCTGUJ,State,Individual,,"['Agriculture,Rural & Environment']",PMMSY: Construction of Ice Plant/Storage of Minimum 10 Tonne Capacity - Gujarat,,1.0,pmmsyctguj,"The scheme aims to provide financial assistance for the construction of ice plants/storage units of at least 10 tonne capacity, supporting fishermen and sellers to maintain fish in fresh and hygienic condition.","['Construction Of Ice Plant', 'Storage', 'Fish', 'Fishermen', 'Fish Sellers']",2025-11-26T22:18:29.576638
xqF-3JgBXu-iUKXqpnlK,{},['Gujarat'],DPN,State,Individual,,"['Agriculture,Rural & Environment']",Decentralized People’s Nursery,,1.0,dpn,"The scheme aims to increase tree cover and support rural incomes by enabling individuals and institutions to raise tree seedlings. It offers financial assistance per seedling, with beneficiaries retaining ownership of the plants, encouraging commercial nursery activity.","['Nursery', 'Seedlings', 'Afforestation', 'Farmers', 'Forestry', 'Environment', 'Rural']",2025-11-26T22:18:29.576638
08bB9JgB0AGc0F0iXTiq,{},['Gujarat'],DISTRIBUTIONSEEDSGUJ,State,Individual,,"['Agriculture,Rural & Environment']",Distribution of Seeds of more productions verities / Hybrids verities Seeds and fertilizer at subsidies etc. to Adivasi farmers in Tribal Area: Distribution of Minor and Micro Elements - Gujarat,,1.0,distributionseedsguj,"The scheme aims to enhance productivity for Adivasi farmers through the provision of subsidised seeds, fertilisers, and supporting agricultural inputs. Through this scheme, such inputs are provided to Scheduled Tribe farmers to boost crop yields and livelihoods.","['Adivasi Farmers', 'Crop Production', 'Livelihood', 'Seeds', 'Fertilizer', 'Subsidies']",2025-11-26T22:18:29.576638
2aF8_pgBXu-iUKXqoXkJ,{},['Gujarat'],GAISGUJ1,State,Individual,,"['Agriculture,Rural & Environment', 'Banking,Financial Services and Insurance']",Group Accident Insurance Scheme under PMMSY: Accidental death or Permanent Total Disability Gujarat,,1.0,gaisguj1,"The scheme aims to provide financial assistance to fishermen/fishermen's families in case of death or injury. Through this scheme, insurance coverage for death permanent partial disability is provided to eligible fishers.","['Accident', 'Death', 'Disability', 'Fishermen']",2025-11-26T22:18:29.576638
2KFt_pgBXu-iUKXqs3ly,{},['Gujarat'],DSMPVHFDGUJ,State,Individual,,"['Agriculture,Rural & Environment']",Distribution of Seeds of more productions varieties/ Hybrids varieties Seeds and fertilizer at subsidies etc. to Adivasi farmers in Tribal Area: Field Demonstration (TASP & OTASP) Gujarat ,,1.0,dsmpvhfdguj,"The scheme aims to improve the agricultural production and livelihood of Scheduled Tribe farmers. Through this scheme, subsidies on seeds, fertilizers, and demonstrations are provided to tribal cultivators.","['Adivasi Farmers', 'Crop Production', 'Livelihood', 'Seeds', 'Fertilizer', 'Subsidies', 'Field Demonstration']",2025-11-26T22:18:29.576638
3BetLpkB5uF80_MGLJRC,{},['Gujarat'],PMMSYIVGUJ,State,Individual,,"['Agriculture,Rural & Environment']",PMMSY: Insulated vehicles - Gujarat,,1.0,pmmsyivguj,"The scheme aims to strengthen fish storage infrastructure for hygienic preservation. Through this scheme, beneficiaries receive financial assistance for Insulated vehicles.","['Construction Of Plant', 'Storage', 'Fishermen', 'Fish Sellers']",2025-11-26T22:18:29.576638
IhdMmpkB5uF80_MG6ZXr,{},['Gujarat'],PMMSYUEFVECGUJ,State,Individual,,"['Agriculture,Rural & Environment']",PMMSY: Upgradation of existing fishing vessels for export Competency - Gujarat ,,1.0,pmmsyuefvecguj,"The scheme aims to boost fish production, exports, and the safety of fishermen. Assistance is given for modernisation, insulated vehicles, and upgradation of fishing vessels to improve income and fish quality.","['Construction Of Plant', 'Storage', 'Fish', 'Fisherman', 'Fish Sellers', 'Upgradation Of Existing Fishing Vessels', 'Export']",2025-11-26T22:18:29.576638
TaE33pkBXu-iUKXqiHqg,{},['Goa'],DMF-AUM,State,Individual,,"['Agriculture,Rural & Environment']",Development of Manures & Fertilizers: Assistance for use of Micronutrients,,1.0,dmf-bp,"The scheme “Development of Manures & Fertilizers"" was launched by the Department of Agriculture, Government of Goa. The ""Assistance for use of Micronutrients"" component of the scheme aims to address micronutrient deficiencies in the soil that affect crop productivity and ensure healthy crop growth.","['Agriculture', 'Farmer', 'Crop', 'Soil', 'Plant']",2025-11-26T22:18:29.576638
UcZgv5kB0AGc0F0iOjlQ,{},['Madhya Pradesh'],VPPY,State,Individual,,"['Agriculture,Rural & Environment']",Vats Palan Protsahan Yojana,,1.0,vppy,The scheme aims to improve Indian indigenous high-yielding cattle breeds by providing eligible livestock farmers with financial incentives and monthly support for calf maintenance.,"['Farmer', 'Financial Assistance', 'Cattle Breed', 'Livestock']",2025-11-26T22:18:29.576638
NRdI3pkB5uF80_MG8pWQ,{},['Goa'],DMF-ACIBP,State,Individual,,"['Agriculture,Rural & Environment']",Development of Manures & Fertilizers: Assistance for Construction/Installation of Biogas Plants,,1.0,dmf-acibp,"The scheme aims to effectively manage on-farm livestock waste to produce renewable energy through biogas units, converting animal waste into a sustainable energy source. The payment of the sanctioned subsidy is through the Electronic Clearance System (ECS).","['Agriculture', 'Farmer', 'Crop', 'Soil', 'Plant']",2025-11-26T22:18:29.576638
UaGc45kBXu-iUKXq9Xr8,{},['Madhya Pradesh'],PTOOPFC,State,Individual,,"['Agriculture,Rural & Environment']",Payment in the Owner-Occupied / Public Forestry Case,,1.0,ptoopfc,"Under this scheme, farmers are enabled to sell teak and sal wood to the government at notified rates, ensuring fair compensation through timely e-payment.","['Farmers', 'Land', 'Wood', 'Teak And Sal', 'Financial Assistance']",2025-11-26T22:18:29.576638
UKGY45kBXu-iUKXqYXqB,{},['Goa'],SSY-GOA,State,Individual,,"['Agriculture,Rural & Environment']",Sheti Samrudhi Yojana,,1.0,ssy-goa,"The scheme aims to provide financial assistance to facilitate community level action for agriculture growth and management of natural resources. It offers financial assistance, wages for personnel, and funding for necessary office equipment for Tribal Farmers Co-operative.","['Farmer', 'Tribal', 'Cooperative', 'Agriculture', 'Subsidy', 'Rural']",2025-11-26T22:18:29.576638
acZA8pkB0AGc0F0ixTlt,{},['Goa'],IDSDCO,State,Individual,,"['Agriculture,Rural & Environment']",Infrastructure Development Scheme for Dairy Co-operatives,,1.0,idsdco,"The scheme aims to provide financial assistance to Dairy Co-operative Societies for their development, smooth functioning of business, and other allied activities, enabling them to become stable and create better infrastructure. The scheme provides financial support in the form of grant or subsidy.","['Society', 'Dairy', 'Farmer', 'Subsidy', 'Infrastructure']",2025-11-26T22:18:29.576638
bcZ9B5oB0AGc0F0itDlE,{},['Madhya Pradesh'],PFGFSP,State,Individual,,"['Agriculture,Rural & Environment']",Procurement of Food Grains From Farmers at Support Price,,1.0,pfgfsp,"The scheme aims to ensure fair and assured prices for farmers by enabling direct government procurement of wheat, paddy, maize, and jowar from registered farmers at the centrally declared Minimum Support Price (MSP) along with any applicable state bonus during the designated procurement period.","['Financial Assistance', 'Crop', 'Farmer', 'Wheat', 'Paddy', 'Procurement']",2025-11-26T22:18:29.576638
VRdZJJoB5uF80_MGl5Wp,{},['Uttarakhand'],SD-UK,State,Individual,,"['Agriculture,Rural & Environment']",Seed Grant,,1.0,sdu,The scheme aims to provide seeds to farmers at a concessional rate during Kisan Melas with a subsidy of up to 15%.,"['Agriculture', 'Subsidy', 'Farmer', 'Seed Distribution']",2025-11-26T22:18:29.576638
YBd1KpoB5uF80_MGa5Ud,{},['Madhya Pradesh'],BTY,State,Individual,,"['Agriculture,Rural & Environment']",Balram Talab Yojana,,1.0,bty,"The scheme aims to conserve rainwater in fields to help farmers, ensuring water availability during irrigation and drought conditions. Farmers receive subsidies up to ₹1,00,000/- for pond construction.","['Farmer', 'Irrigation', 'Subsidy', 'Water', 'Construction']",2025-11-26T22:18:29.576638
oxe5F5gB5uF80_MGX5Ar,{},['Puducherry'],SRMIQC,State,Individual,,"['Agriculture,Rural & Environment']",Soil Resource Management and Inputs Quality Control,,1.0,srmiqc,"Through the scheme “Soil Resource Management and Inputs Quality Control"", the farmers can give their soil and water samples to the soil testing lab for analysis and recommendation at completely free of cost.","['Soil', 'Quality', 'Sample', 'Testing', 'Lab']",2025-11-26T22:18:29.576638
s6G5F5gBXu-iUKXqSXVW,{},['Meghalaya'],MIDHHMNEH-MEGHALAYA,State,Individual,,"['Agriculture,Rural & Environment']",Mission for Integrated Development of Horticulture Sub Scheme Horticulture Mission for North East and Himalayan Region- Meghalaya,,1.0,midhhmneh-meghalaya,"The scheme is implemented by the Department of Agriculture & Farmers’ Welfare, Government of Meghalaya to promote holistic growth of Horticulture sector thorough promotion, extension, post-harvest management, processing and marketing.","['Mission', 'Integrated Development', 'Horticulture', 'Agriculture', 'Farmer', 'Horticulture']",2025-11-26T22:18:29.576638
1KG5F5gBXu-iUKXqXXW6,{},['Meghalaya'],HMNEH,State,Individual,,"['Agriculture,Rural & Environment']",Horticulture Mission for North Eastern Hill Scheme- Meghalaya,,1.0,hmneh,"The objective of the scheme is to improve productivity, quality planting material, canopy management of fruit trees, support marginal and small farmers, upscaling protected cultivation, and drip irrigation.","['Horticulture', 'North Eastern Hill', 'Integrated Development', 'Mission', 'Farmer']",2025-11-26T22:18:29.576638
dxe5F5gB5uF80_MGSJCv,{},['Meghalaya'],AE(M)S,State,Individual,,"['Agriculture,Rural & Environment']",Agriculture Engineering (Mechanical) Scheme,,1.0,aems,The objective of the scheme is to provide agricultural machinery such as power tillers/ bulldozers/ tractors etc. on hiring at subsidised rate.,"['Agriculture', 'Engineering', 'Mechanical', 'Agricultural Machinery', 'Farmer', 'Subsidy']",2025-11-26T22:18:29.576638
28a5F5gB0AGc0F0iSDTE,{},['Meghalaya'],BATCS,State,Individual,,"['Agriculture,Rural & Environment']",Basic Agriculture Training Centre Scheme,,1.0,batcs,The objective of the scheme is to provide short-term vocational training for rural educated unemployed youths in agriculture and allied sectors to develop entrepreneurship skills and employment generation.,"['Agriculture', 'Training Centre', 'Vocational Training', 'Unemployed Youth', 'Entrepreneurship Skills', 'Employment', 'Farmer']",2025-11-26T22:18:29.576638
06G5F5gBXu-iUKXqXXW3,{},['Puducherry'],SCFC-CPT,State,Individual,,"['Agriculture,Rural & Environment']","""Subsidy for Cultivation of Fodder Crops"" Component of the ""Crop Production Technology"" Scheme",,1.0,scfc-cpt,"The ""Subsidy for Cultivation of Fodder Crops"" scheme was introduced by the Department of Agriculture and Farmer's Welfare, Union Territory of Puducherry. Through this scheme, cash incentives are distributed to Farmers and Self Help Groups for undertaking fodder cultivation in the Puducherry region.","['Subsidy', 'Cultivation', 'Fodder', 'Farmer', 'Agriculture']",2025-11-26T22:18:29.576638
-RfXF5gB5uF80_MGyZKx,{},['Rajasthan'],DSR,State,Individual,,"['Agriculture,Rural & Environment']",Drip Sanyantr,,1.0,dsr,"Under the Drip Sanyantr scheme, the government gives subsidies to farmers. There is an immense saving of water in this method. Under this method, water is applied drop by drop to the roots of the plants and wastage of water will negligible.","['Farmer', 'Drip Sanyantr', 'Farming', 'Agriculture']",2025-11-26T22:18:29.576638
DBe2F5gB5uF80_MGIJA4,{},['Gujarat'],SPARA,State,Individual,,"['Agriculture,Rural & Environment']",Sardar Patel Agriculture Research Award,,1.0,spara,"The scheme “Sardar Patel Agriculture Research Award” was launched by the Department of Agriculture, Farmers Welfare & Co-operation, Government of Gujarat on 30.10.1995. ","['Agriculture', 'Farmer', 'Research', 'Honour', 'Award']",2025-11-26T22:18:29.576638
8xfXF5gB5uF80_MGxpLm,{},['Rajasthan'],RGKSSY,State,Individual,,"['Agriculture,Rural & Environment']",Rajiv Gandhi Krishak Sathi Sahayta Yojana,,1.0,rgkssy,"The Rajiv Gandhi Krishak Sathi Sahayta Yojana offers financial support to farmers, farmworkers, and market laborers who are accidentally injured or killed while working in agriculture or at agricultural markets.","['Farmer', 'Accident', 'Financial Support']",2025-11-26T22:18:29.576638
BqHXF5gBXu-iUKXqyHgZ,{},['Rajasthan'],PM,State,Individual,,"['Agriculture,Rural & Environment']",Plastic Mulching,,1.0,pm,"Under the Plastic Mulching scheme, the Rajasthan government provided subsidies to farmers. In this, the soil surface of the field is covered with plastic film. Farmer can also use crop residues for laying mulch.","['Farmer', 'Plastic Mulching', 'Farming', 'Agriculture']",2025-11-26T22:18:29.576638
BaExGJgBXu-iUKXq6nnb,{},['Rajasthan'],KTY,State,Individual,,"['Agriculture,Rural & Environment']",Kantedar Tarbandi Yojana,,1.0,kkt,A initiative of Rajasthan State for the farmer to protect crops from damage caused by Nilgai and stray animals. Financial assistance will be provided to the farmers by the Rajasthan government for fencing their fields. ,"['Farming', 'Financial Benefits', 'Taarabandi']",2025-11-26T22:18:29.576638
9xfXF5gB5uF80_MGyJKZ,{},['Rajasthan'],FSR,State,Individual,,"['Agriculture,Rural & Environment']",Fawara Sanyantra,,1.0,fsr,"Under the Fawara Sanyantra Through this scheme, the government will provide subsidies to farmers to install sprinkler plants. This will save water and farmers will also be able to irrigate their fields through sprinklers.","['Farming', 'Agriculture', 'Development', 'Fountain Plant']",2025-11-26T22:18:29.576638
CqExGJgBXu-iUKXq7XlP,{},['Rajasthan'],KT,State,Individual,,"['Agriculture,Rural & Environment']",Khet Talai,,1.0,kt,"Under the Khet Talai scheme, the Rajasthan Government gives subsidies to the farmers on the construction of farm ponds so that the farmers can collect rainwater and irrigate their fields by making farm ponds in their fields.","['Farming', 'Farmer', 'Khet Talai', 'Development']",2025-11-26T22:18:29.576638
GKHXF5gBXu-iUKXq3nj8,{},['Rajasthan'],SPK,State,Individual,,"['Agriculture,Rural & Environment']",Sinchai Pipeline Karyakram,,1.0,spk,"In ""Sinchai Pipeline Karyakram"" Rajasthan government will provide subsidies to farmers on purchasing irrigation pipelines. So that farmers can get rid of the problem of irrigation. And their income can increase.","['Pipe Line', 'Agriculture', 'Irrigation', 'Development']",2025-11-26T22:18:29.576638
BMbXF5gB0AGc0F0izDcQ,{},['Meghalaya'],IFMWS,State,Individual,,"['Agriculture,Rural & Environment']",Integrated Farming in Micro Watershed Scheme,,1.0,ifmws,The objective of the scheme is to promote integrated farming activities for improved livelihood in a complementary manner.,"['Agriculture', 'Farmer', 'Watershed', 'Training', 'Technology Support', 'Subsidy']",2025-11-26T22:18:29.576638
Asa5F5gB0AGc0F0iwzUd,{},['Gujarat'],FMUIFDS(GC),State,Individual,,"['Agriculture,Rural & Environment']",Fodder Minikits under Integrated Fodder Development Scheme (General Category),,1.0,fmuifdsgc,"The scheme “Fodder Minikits under Integrated Fodder Development Scheme” is implemented by the Directorate of Animal Husbandry, Government of Gujarat to provide an improved variety of fodder seeds to beneficiaries for widespread publicity, demonstration, and adaptation by farmers.","['Fodder Minikits', 'Farmer', 'Seed']",2025-11-26T22:18:29.576638
FqG7F5gBXu-iUKXqU3a2,{},['Bihar'],PBY,State,Individual,,"['Agriculture,Rural & Environment', 'Banking,Financial Services and Insurance']",Pashu Bima Yojana,,1.0,pby,"The scheme 'Pashu Bima Yojna' was launched by the Directorate of Dairy Development, Government of Bihar. The scheme aims to provide insurance security to farmers against the financial loss caused by cattle death and to improve the rural economy. ","['Farmer', 'Insurance', 'Disease', 'Animal', 'Premium']",2025-11-26T22:18:29.576638
YBe8F5gB5uF80_MGVJEt,{},['Uttar Pradesh'],MPPPY,State,Individual,,"['Agriculture,Rural & Environment']",Mukhyamantri Pragatishil Pashupalak Protsahan Yojana,,1.0,mpppy,"The ""Mukhyamantri Pragatisheel Pashupalak Protsahan Yojana"" is an initiative under the ""Nand Baba Milk Mission"" aimed to encourage the trend of rearing indigenous breed of cows with high quality and productivity in the state & motivate cattle farmers for breed improvement of cows, their better care.","['Cow', 'Milk Production', 'Financial Assistance', 'Opportunity', 'Cattle Farmers']",2025-11-26T22:18:29.576638
ZKG8F5gBXu-iUKXqUnY1,{},['Haryana'],SPEOEPSGUGMMAPUY,State,Individual,,"['Agriculture,Rural & Environment']","Scheme for Providing Employment Opportunities by Establishing Piggery, Sheep and Goat Units (General) under Mukhya Mantri Antyodaya Parivaar Utthan Yojana",,1.0,speoepsgugmmapuy,"Under this scheme, an unemployed resident of Haryana who is between 18 and 60 years of age can avail a 25% subsidy on the cost of livestock, provided they have taken a loan for establishing a 10+1 Piggery unit or a 15+1 Sheep/Goat unit.","['Antodayay', 'Piggery Unit', 'Sheep Unit', 'Goat Unit', 'Financial Assistance', 'Subsidy', 'Subsidy', 'Unemployed', 'Animal Husbandry']",2025-11-26T22:18:29.576638
esbmF5gB0AGc0F0i2jcv,{},['All'],ERSPLSBSG,Central,Individual,"Ministry of Fisheries,Animal Husbandry and Dairying","['Agriculture,Rural & Environment']",Establishment of Regional Semen Production Laboratory and Semen Bank for sheep and goat,,1.0,ersplsbsg,"Under the Establishment of Regional Semen Production Laboratory and Semen Bank for Sheep and Goat Scheme, the Central Government will provide assistance for the establishment of frozen semen production laboratories for goats and liquid semen production laboratories for sheep at the regional level.","['Sheep', 'Goat', 'Genetic Improvement', 'Reproductive Technology', 'Conservation', 'Genetic Upgradation']",2025-11-26T22:18:29.576638
eca8F5gB0AGc0F0iTjXy,{},['Uttar Pradesh'],MSGSY,State,Individual,,"['Agriculture,Rural & Environment', 'Women and Child', 'Skills & Employment']",Mukhyamantri Svadeshi Gau Samvardhan Yojana,,1.0,msgsy,"The ""Mukhyamantri Svadeshi Gau Samvardhan Yojana"" under the ""Nand Baba Milk Mission"" aims to enhance milk productivity and per capita milk availability in Uttar Pradesh by encouraging the purchase of indigenous improved breed cows from outside the state and employment opportunities in rural areas. ","['Milk Mission', 'Production', 'Financial Assistance', 'Farmer', 'Cow']",2025-11-26T22:18:29.576638
CxfZF5gB5uF80_MGUJMH,{},['Odisha'],MPY-MCPNPKY,State,Individual,,"['Agriculture,Rural & Environment']",Matsya Pokhari Yojana,,1.0,mpy-mcpnpky,"The ""Machha Chasa Pain Nua Pokhari Khola Yojana (Matsya Pokhari Yojana)"" aims to boost fish production in Odisha by creating new water bodies through pond excavation. It targets income generation & employment via freshwater aquaculture. Subsidies are available for pond areas between 0.2 to 2 hectare","['Fish Farmer', 'Pond', 'Subsidy', 'Aquaculture']",2025-11-26T22:18:29.576638
ghe9F5gB5uF80_MGZpGR,{},['Tamil Nadu'],OBD,State,Individual,,"['Agriculture,Rural & Environment']",Organizing Block Demonstration,,1.0,obd,"The “Organizing Block Demonstration” scheme provides a 50% subsidy or ₹2,000/- (whichever is less) on input costs for demonstrating the cultivation of Pulses crops over 5 hectares.
","['Agriculture', 'Farmer', 'Block Demonstration', 'Subsidy']",2025-11-26T22:18:29.576638
lBe9F5gB5uF80_MGc5ED,{},['Tamil Nadu'],DONPV,State,Individual,,"['Agriculture,Rural & Environment']",Distribution of Nuclear Poly Hedrosis Virus,,1.0,donpv,"The ""Distribution of Nuclear Poly Hedrosis Virus"" scheme provides subsidies for the distribution of Nuclear Poly Hedrosis Virus (NPV) to farmers raising seed farms with Pulses crops.

","['Agriculture', 'Farmer', 'Nuclear Poly Hedrosis Virus', 'NPV', 'Subsidy']",2025-11-26T22:18:29.576638
e6G9F5gBXu-iUKXqYnZl,{},['Tamil Nadu'],QPSD,State,Individual,,"['Agriculture,Rural & Environment']",Quality Paddy Seed Distribution,,1.0,qpsd,"The “Quality Paddy Seed Distribution” Scheme offers a subsidy of ₹5/- per kg on certified paddy seeds.
","['Agriculture', 'Farmer', 'Paddy', 'Seed Production']",2025-11-26T22:18:29.576638
gaG9F5gBXu-iUKXqY3ZN,{},['Tamil Nadu'],POCSM,State,Individual,,"['Agriculture,Rural & Environment']",Production of Certified Seeds of Maize,,1.0,pocsm,"The ""Production of Certified Seeds of Maize"" scheme, aims to promote the production of certified maize seeds by providing subsidy to farmers in select districts of Tamil Nadu.
","['Agriculture', 'Farmer', 'Certified Seeds', 'Production Of Seeds', 'Maize']",2025-11-26T22:18:29.576638
gBe9F5gB5uF80_MGZpFU,{},['Tamil Nadu'],TTF,State,Individual,,"['Agriculture,Rural & Environment']",Training to Farmers,,1.0,ttf,"The scheme “Training to Farmers” provides training to maize farmers across various districts, aiming to enhance farming practices and increase productivity.
","['Agriculture', 'Farmer', 'Maize', 'Training']",2025-11-26T22:18:29.576638
fhe9F5gB5uF80_MGZZFS,{},['Tamil Nadu'],DOGOS,State,Individual,,"['Agriculture,Rural & Environment']",Distribution of Gypsum-Oil Seeds,,1.0,dogos,"The ""Distribution of Gypsum-Oil Seeds"" scheme provides a subsidy on the cost of gypsum material and transportation cost, to farmers who produce and supply Foundation and Certified Class seeds.

","['Agriculture', 'Farmer', 'Seed Distribution', 'Gypsum', 'Oil Seeds', 'Subsidy']",2025-11-26T22:18:29.576638
rsa9F5gB0AGc0F0ibTVh,{},['Tamil Nadu'],DOMOPPE,State,Individual,,"['Agriculture,Rural & Environment']",Distribution of Manually Operated Plant Protection Equipment,,1.0,domoppe,"The ""Distribution of Manually Operated Plant Protection Equipment"" scheme provides farmers with a subsidy of 50% on the cost of equipment to enhance agricultural practices.

","['Agriculture', 'Farmer', 'Equipment Distribution', 'Manually Operated Equipment', 'Plant Protection Equipment', 'Subsidy']",2025-11-26T22:18:29.576638
cxe9F5gB5uF80_MGYpGm,{},['Tamil Nadu'],OBDTDAATTNAU,State,Individual,,"['Agriculture,Rural & Environment']",Organizing Block Demonstration Through Department And Also Through TNAU,,1.0,obdtdaattnau,"The scheme ""Organizing Block Demonstration Through Department And Also Through TNAU"" offers grants to farmers for maize cultivation. Farmers can avail a subsidy for demonstrating cultivation practices on a 1-hectare plot.
","['Agriculture', 'Farmer', 'Block Demonstration', 'Maize']",2025-11-26T22:18:29.576638
bRfpF5gB5uF80_MGYpPq,{},['Bihar'],MBYAVYB,State,Individual,,"['Agriculture,Rural & Environment']",Mukhyamantri Bagwani Mission: Anjeer Vikas Yojana,,1.0,mbyavyb,"The Scheme aims to expand plantain cultivation across all districts in Bihar. Farmers can receive subsidies for up to 10 acres and access high-quality tissue-cultured plants for cultivation.
","['Agriculture', 'Subsidy', 'Plant Supply', 'Financial Assistance', 'Fig Development']",2025-11-26T22:18:29.576638
Gca_F5gB0AGc0F0iiTa-,{},['Jharkhand'],PSSS,State,Individual,,"['Agriculture,Rural & Environment']",Panchayat Secretariat Strengthening Scheme,,1.0,psss,"The ""Panchayat Secretariat Strengthening Scheme"" by the Panchayati Raj Department, Government of Jharkhand, aims to provide financial assistance of ₹15,000 per month to each Gram Panchayat for operational and maintenance purposes, ensuring efficient governance at the grassroots level.","['Financial Assistance', 'Gram Panchayat', 'Infrastructure Development']",2025-11-26T22:18:29.576638
eRfpF5gB5uF80_MGZpO0,{},['Bihar'],NPVY,State,Individual,,"['Agriculture,Rural & Environment']",Nariwal Paudha Vitaran Yojana,,1.0,npvy,"The scheme aimed at promoting coconut cultivation in non-traditional areas like Bihar. Under this scheme, farmers and urban residents can obtain coconut saplings at a subsidized rate to encourage widespread plantation and utilization.
","['Agriculture', 'Subsidy', 'Plant Supply', 'Financial Assistance', 'Coconut Development']",2025-11-26T22:18:29.576638
9Ma-F5gB0AGc0F0iYzXR,{},['Madhya Pradesh'],FPY,State,Individual,,"['Agriculture,Rural & Environment']",Fal Podharopan Yojana,,1.0,fpy,The objective of this scheme is to expand the area under fruit plantation in the district and increase the fruit production. This scheme is implemented in all the 52 districts of the state.,"['Fruit', 'Plantation', 'Farm', 'Farmer', 'Plant', 'Crop', 'Agriculture', 'Horticulture']",2025-11-26T22:18:29.576638
3xe_F5gB5uF80_MGhJEx,{},['Haryana'],PDDUSPBY,State,Individual,,"['Agriculture,Rural & Environment']",Pandit Deen Dayal Upadhyay Samoohik Pashudhan Beema Yojana,,1.0,pdduspby,"The scheme ""Pandit Deen Dayal Upadhyay Samoohik Pashudhan Beema Yojana"" aims to provide socio-economic security to livestock farmers in the state by covering livestock under an insurance scheme. Financial protection against the risk of loss due to animal death is extended to livestock owners.","['Animal', 'Husbandry', 'Liverstock', 'Scheduled Caste', 'BPL', 'Insurance', 'Below Poverty Line', 'SC']",2025-11-26T22:18:29.576638
LqE9GJgBXu-iUKXqBHm0,{},['Gujarat'],SPAFOF,State,Individual,,"['Agriculture,Rural & Environment']",Scheme of Providing Assistance to Encourage Farmers for Adoption of Organic Farming,,1.0,spafof,"This scheme has been introduced by the Agriculture, Farmers Welfare and Cooperation Dept., Gujarat. It aims to promote organic farming by providing financial assistance to farmers for certification, input subsidies, and residue testing. ","['Agriculture', 'Farmer', 'Organic Farming']",2025-11-26T22:18:29.576638
Fxc9GJgB5uF80_MGBpTA,{},['Gujarat'],AFPDCCS,State,Individual,,"['Agriculture,Rural & Environment']",Assistance for Power Driven Chaff Cutter scheme,,1.0,afpdccs,"The ""Assistance for Power Driven Chaff Cutter Scheme"" introduced by the Agriculture, Farmers Welfare and Cooperation Department, Gujarat, is designed to help farmers reduce fodder wastage and improve their dairy farming efficiency.","['Animal Husbandry', 'Dairy Farming', 'Chaff Cutter']",2025-11-26T22:18:29.576638
NMY9GJgB0AGc0F0iBzho,{},['Gujarat'],FSSS,State,Individual,,"['Agriculture,Rural & Environment']",Farm Storage Structure Scheme,,1.0,fsss,"This scheme has been introduced by the Agriculture, Farmers Welfare and Cooperation Dept., Gujarat. It aims to help farmers to protect their harvested crops from damage due to natural calamities and store them safely for better financial returns by selling at optimal prices.

","['Agriculture', 'Farmer', 'Crop Protection', 'Crop Storage']",2025-11-26T22:18:29.576638
RqE9GJgBXu-iUKXqCHk0,{},['Gujarat'],AFCCDWT,State,Individual,,"['Agriculture,Rural & Environment']",To Assist the Farmers for Construction of Community Base Water Tank/Storage Structure for Efficient Use of Water Through Drip Irrigation,,1.0,afccdwt,"This scheme has been introduced by the Agriculture, Farmers Welfare and Cooperation Department, Gujarat. It aims to provide financial assistance to farmers for constructing community-based water tanks/storage structures to ensure efficient water use through drip irrigation.","['Agriculture', 'Farmer', 'Water Resources', 'Community Base Water Tank']",2025-11-26T22:18:29.576638
Exe_F5gB5uF80_MG9JIP,{},['Gujarat'],CISFNC,State,Individual,,"['Agriculture,Rural & Environment']",Crop Input Subsidy to the Farmers for Crop Loss Due to Natural Calamities,,1.0,cisfnc,"The scheme provides financial assistance to farmers in Gujarat who suffer crop losses due to natural calamities, based on crop damage surveys conducted by the district administration.","['Crop Loss', 'Natural Calamity', 'Disaster Compensation', 'Crop Damage Support']",2025-11-26T22:18:29.576638
Lca_F5gB0AGc0F0i8Dav,{},['Gujarat'],PFBLKAF,State,Individual,,"['Agriculture,Rural & Environment']",Planning for Best Livestock Keeper's Award Function,,1.0,pobahad,"The ""Planning for Best Livestock Keeper's Award Function"" scheme by the Agriculture, Farmers Welfare and Cooperation Department honors outstanding pastoralists in Gujarat by awarding them at Taluka, District, and State levels for their excellence in animal husbandry.

","['Agriculture', 'Animal Husbandry', 'Award', 'Financial Assistance']",2025-11-26T22:18:29.576638
AqG_F5gBXu-iUKXq7ne9,{},['Gujarat'],SEFAVC,State,Individual,,"['Agriculture,Rural & Environment']",Scheme to Encourage Farmers to Add Value to Crops,,1.0,sefavc,The scheme provides financial assistance to farmers across Gujarat in adding value to their crops by providing financial assistance for purchasing machinery.,"['Agriculture', 'Value Addition In Crops', 'Machinery Subsidy', 'Farmer']",2025-11-26T22:18:29.576638
VsbAF5gB0AGc0F0iczZU,{},['Rajasthan'],CMSMFOPS,State,Individual,,"['Social welfare & Empowerment', 'Agriculture,Rural & Environment']",Chief Minister Small and Marginal Farmers Older Pension Scheme,,1.0,cmsmfops,"The ""Chief Minister Small and Marginal Farmers Older Pension Scheme"" by the Department of Social Justice and Empowerment, Government of Rajasthan, aims to provide financial assistance to elderly small and marginal farmers.","['Pension', 'Farmers', 'Old Age']",2025-11-26T22:18:29.576638
36G_F5gBXu-iUKXqgXY5,{},['Haryana'],SLISC,State,Individual,,"['Agriculture,Rural & Environment', 'Health & Wellness']",Special Livestock Insurance Scheme,,1.0,slisc,"""Special Livestock Insurance Scheme"" is a welfare initiative targeting SC families engaged in livestock rearing. The scheme provides free insurance for livestock, enhancing the economic security of resource-poor SC families. The scheme covers milch animals, sheep, goats, pigs, camels, etc;","['Liverstock', 'Insurance', 'Animal', 'Scheduled Caste', 'Employment', 'Sheep', 'Goat']",2025-11-26T22:18:29.576638
QMY9GJgB0AGc0F0iCjg5,{},['Kerala'],AVG,State,Individual,,"['Agriculture,Rural & Environment']",Arka Vertical Garden,,1.0,avg,"""Arka Vertical Garden"" aims to promote vertical gardening in urban and peri-urban areas to increase self-sufficiency and produce pesticide-free vegetables. The scheme provides subsidized vertical garden structures to help families grow their choice of vegetables using vertical space.","['Garden', 'Environment', 'Plant', 'Irrigation', 'Subsidy']",2025-11-26T22:18:29.576638
hMbCF5gB0AGc0F0iBTaI,{},['Haryana'],FIPCSOM,State,Individual,,"['Agriculture,Rural & Environment', 'Business & Entrepreneurship', 'Social welfare & Empowerment']",PMMSY: Ice Plant/Cold Storage of Minimum 50-Ton Capacity - Haryana,,1.0,sfipcsom,"This scheme provides financial assistance for setting up ice plants or cold storage units with a minimum capacity of 50 tons, supporting cold chain infrastructure under PMMSY. ","['Financial Assistance', 'Fish Quality', 'Fish Farmers', 'Entrepreneurs', 'Cold Chain']",2025-11-26T22:18:29.576638
jMbCF5gB0AGc0F0iCDbk,{},['Haryana'],FIPCSOMC,State,Individual,,"['Agriculture,Rural & Environment', 'Social welfare & Empowerment', 'Business & Entrepreneurship']",PMMSY: Ice Plant/Cold Store of minimum 10-ton capacity Haryana,,1.0,sfipcsomc,The subsidy for 10-ton capacity ice plant/cold storage units under Pradhan Mantri Matsya Sampada Yojana (PMMSY) supports the establishment of ice plants or cold storage facilities with a minimum capacity of 10 tons to improve fish preservation and cold chain infrastructure in Haryana.,"['Fish Farmers', 'Entrepreneurs', 'Cold Chain Infrastructure', 'Fish Preservation']",2025-11-26T22:18:29.576638
ixfCF5gB5uF80_MGCJJT,{},['Haryana'],FIPCSOMTC,State,Individual,,"['Agriculture,Rural & Environment', 'Business & Entrepreneurship', 'Social welfare & Empowerment']",PMMSY: Ice Plant/Cold Store of Minimum 20-Ton Capacity - Haryana,,1.0,sfipcsomtc,The subsidy for 20-ton capacity ice plant/cold storage units under Pradhan Mantri Matsya Sampada Yojana (PMMSY) supports the establishment of ice plants or cold storage facilities with a minimum capacity of 20 tons to improve fish preservation and cold chain infrastructure in Haryana.,"['Entrepreneurs', 'Fish Farmers', 'Fish Preservation', 'Cold Chain Infrastructure']",2025-11-26T22:18:29.576638
fsbBF5gB0AGc0F0i_zbU,{},['Haryana'],SWHSDS,State,Individual,,"['Agriculture,Rural & Environment']",Solar Water Heating System (Domestic Sector),,1.0,swhsds,"The scheme ""Solar Water Heating System (Domestic Sector)"" by the Renewable Energy Department, Haryana, aims to promote the use of solar energy for domestic water heating by providing a financial subsidy to the residents of Haryana and Haryana Government employees residing in Chandigarh.","['Renewable Energy', 'Solar Water Heater', 'Solar Energy', 'Green Energy Initiative']",2025-11-26T22:18:29.576638
_Be_F5gB5uF80_MG7JHL,{},['Gujarat'],AFAESP,State,Individual,,"['Agriculture,Rural & Environment']",Assistance for Area Expansion of Spice Crops,,1.0,afaesp,"The scheme provides financial assistance to farmers for the area expansion of spice crops, including seed and rhizomatic spices, to enhance spice production in Gujarat.

","['Spice Crop', 'Agriculture', 'Area Expansion Farming', 'Seed Spices']",2025-11-26T22:18:29.576638
Ica_F5gB0AGc0F0i7zYn,{},['Gujarat'],APFEFCC,State,Individual,,"['Agriculture,Rural & Environment']",Assistance Program for Expansion of Fruit Crop Cultivation,,1.0,apfefcc,"The scheme provides financial assistance to farmers in Gujarat for expanding fruit crop cultivation like mango, banana, papaya, etc., through intensive and ultra-intensive farming methods.

","['Agriculture', 'Fruit Crop', 'Horticulture', 'Intensive Farming']",2025-11-26T22:18:29.576638
jBfCF5gB5uF80_MGCJJ3,{},['Haryana'],IVS,State,Individual,,"['Agriculture,Rural & Environment', 'Transport & Infrastructure']",PMMSY: Insulated Vehicles - Haryana,,1.0,ivs,The scheme aims to provide a subsidy per unit for purchasing insulated vehicles for the beneficiaries to promote cold-chain logistics in fish transportation.,"['Fish Farmer', 'Vehicle', 'Financial Assistance', 'Transportation']",2025-11-26T22:18:29.576638
GqG_F5gBXu-iUKXq9Hft,{},['Gujarat'],APCLFDF,State,Individual,,"['Agriculture,Rural & Environment']",Assistance Program for the Cultivation of Lotus Fruit (Dragon Fruit),,1.0,apclfdf,"The scheme provides financial assistance to farmers to support the cultivation of dragon fruit (lotus fruit), with higher benefits for SC/ST and priority for small-scale and women farmers.","['Agriculture', 'Dragon Fruit Farming', 'Lotus Fruit Farming', 'Fruit Cultivation']",2025-11-26T22:18:29.576638
mhfCF5gB5uF80_MGfJJ-,{},['Haryana'],SWSCFFSS1YLM,State,Individual,,"['Agriculture,Rural & Environment']",Scheme for the Welfare of Schedule Caste Families in Fisheries Sector: Subsidy on 1st Year Lease Money ,,1.0,so1ylm,The objective of the scheme is to provide full-time employment to individuals from Scheduled Caste families in the fisheries sector and to uplift these families by promoting fish farming through financial assistance for leasing Panchayati ponds or watershed areas. ,"['Subsidy', 'Fish Farming', 'Schedule Caste', 'Lease Money', 'Pond']",2025-11-26T22:18:29.576638
nMbCF5gB0AGc0F0ifDaD,{},['Haryana'],IFDPSIPSCI,State,Individual,,"['Agriculture,Rural & Environment', 'Banking,Financial Services and Insurance']",Intensive Fisheries Development Programme - Subsidy on Insurance Premium for Shrimp Crop Insurance ,,1.0,soipfsci,"The scheme aims to promote sustainable aquaculture by reducing financial risk of shrimp farmers through subsidized insurance coverage.Under this scheme, a 50% subsidy is provided on insurance premium paid by eligible fish farmers for shrimp crop insurance, helping them mitigate potential crop losses","['Subsidy', 'Farmer', 'Crop Insurance', 'Shrimp Crop', 'Insurance']",2025-11-26T22:18:29.576638
eKG3F5gBXu-iUKXqr3X2,{},['Meghalaya'],DSC,State,Individual,,"['Agriculture,Rural & Environment']",Development of Strawberry Cultivation,,1.0,dsc,The objective of the scheme is to provide farmers with quality and improved varieties of strawberry planting materials so as to encourage area expansion under this crop such that commercialization horticulture under this crop is achieved.,"['Strawberry Cultivation', 'Horticulture', 'Farmer', 'Agriculture']",2025-11-26T22:18:29.576638
8qH-F5gBXu-iUKXqQnjd,{},['Puducherry'],RSESTHSDO-FAASCDMF,State,Individual,,"['Agriculture,Rural & Environment']",Reimbursement/ Spot Exemption of Sales Tax on High-Speed Diesel Oil,,1.0,rsesthsdo-faascdmf,"The scheme ""Reimbursement/ Spot Exemption of Sales Tax on High-Speed Diesel Oil"" under ""Financial Assistance for Availing Subsidy Components for the Development of Marine Fisheries"" introduced to reimburse the sales tax on high-speed diesel oil used by the registered mechanized boat operators.","['Reimbursement', 'Exemption', 'Tax', 'Diesel', 'Oil', 'Fisherman', 'Fish']",2025-11-26T22:18:29.576638
qqG4F5gBXu-iUKXqM3XM,{},['Goa'],NCRFS,State,Individual,,"['Social welfare & Empowerment', 'Agriculture,Rural & Environment']",Natural Calamity Relief to Fishermen of State,,1.0,ncrfs,"“Natural Calamity Relief to Fishermen of State” is a scheme by the Dept of Fisheries, Govt of Goa. Through this scheme, financial assistance is provided to the active fishermen who contribute to the Fishermen Corpus Relief Fund, whose fishing vessels are damaged or lost due to natural calamities.","['Fishermen', 'Disaster', 'Crisis', 'Financial Assistance', 'Relief']",2025-11-26T22:18:29.576638
She3F5gB5uF80_MGsJDi,{},['Puducherry'],AISPMIS,State,Individual,,"['Agriculture,Rural & Environment']",Assistance for Installation of Sprinkler / Drip Micro Irrigation Systems,,1.0,aispmis,"Through this scheme, the Marginal Farmers, Small farmers, Scheduled Caste/ Schedule Tribe Farmers, Women Farmers, Big Farmers and Institutions are provided with a subsidy on the total cost or ₹ 25,000/‐ per hectare whichever is less for the installation of Sprinkler / Drip Micro Irrigation Systems.","['Irrigation', 'Farmer', 'Agriculture', 'Subsidy', 'Crop']",2025-11-26T22:18:29.576638
hKG3F5gBXu-iUKXqsXWa,{},['Puducherry'],ASCFST,State,Individual,,"['Agriculture,Rural & Environment']",Assistance to Scheduled Caste Farmers for Sinking Tubewell,,1.0,ascfst,"“Assistance to Scheduled Caste Farmers for Sinking Tubewell"" was launched by Dept of Agriculture and Farmer's Welfare, UT of Puducherry. Through this scheme, the farmers from the SC Category are provided with a grant of 90% subsidy towards the construction of tubewell/filter points per individual.","['Tubewell', 'Subsidy', 'Farmer', 'Agriculture', 'Scheduled Caste']",2025-11-26T22:18:29.576638
Txe3F5gB5uF80_MGsZDa,{},['Meghalaya'],VDS,State,Individual,,"['Agriculture,Rural & Environment']",Vegetable Development Scheme,,1.0,vds,"The objective of the scheme is to promote vegetable production through HYV Seeds/ Hybrids/ Improved/ Open Pollinated seedlings, including assistance to farmers.","['Agriculture', 'Farmer', 'Vegetable Production', 'Subsidy', 'Vegetable Seed', 'Poly House']",2025-11-26T22:18:29.576638
mca3F5gB0AGc0F0irTQv,{},['Meghalaya'],RCTPM,State,Individual,,"['Agriculture,Rural & Environment']",Regional Centre for Training and Production of Mushroom,,1.0,rctpm,The objective of the scheme is to train farmers in the method of mushroom cultivation and to supply quality spawn and pasteurized compost to farmers.,"['Agriculture', 'Farmer', 'Mushroom Production', 'Financial Assistance', 'Training']",2025-11-26T22:18:29.576638
TBe3F5gB5uF80_MGsZB3,{},['Meghalaya'],PPS,State,Individual,,"['Agriculture,Rural & Environment']",Plant Protection Scheme,,1.0,pps,The objective of the scheme is to control pests and diseases including weeds and rodents of horticultural crops by the distribution of bio-pesticides/Bio-agents and equipment at 50% subsidy.,"['Plant Protection', 'Bio-pesticides', 'Bio-agents', 'Subsidy', 'Farmer', 'Agriculture', 'Horticulture']",2025-11-26T22:18:29.576638
lsa3F5gB0AGc0F0irDTC,{},['Meghalaya'],FPC,State,Individual,,"['Agriculture,Rural & Environment']",Fruit Processing Centre,,1.0,fpc,"The objective of scheme is to disseminate technical knowhow to youth entrepreneurs, farmers & housewives through practical demonstration on importance of fruit preservation & to manufacture quality processed fruit products such as Squashes, Jams, Jelly & Juices under trade name ‘Meg Fruits Product'.","['Horticulture', 'Farmer', 'Youth Entrepreneur', 'Training', 'Demonstration', 'Fruit Processing', 'Vegetable Processing']",2025-11-26T22:18:29.576638
uca4F5gB0AGc0F0iLTRF,{},['Goa'],GVATBSHSDOCFVS,State,Individual,,"['Agriculture,Rural & Environment']",Goa Value Added Tax-Based Subsidy on H.S.D. Oil Consumed by Fishing Vessels Scheme,,1.0,gvatbshsdocfvs,"“Goa Value Added Tax-Based Subsidy on H.S.D. Oil Consumed by Fishing Vessels Scheme” is a scheme by the Department of Fisheries, Govt. of Goa. Through this scheme, the amount equivalent to the actual VAT paid shall be reimbursed to the owner as a subsidy on H.S.D. Oil consumed by the fishing vessel.","['Fish', 'Fishermen', 'Subsidy', 'Financial Assistance']",2025-11-26T22:18:29.576638
uMa4F5gB0AGc0F0iLDT6,{},['Goa'],FAFPFR(GN/RGNWA),State,Individual,,"['Agriculture,Rural & Environment']",Financial Assistance To Fishermen For Purchase of Fisheries Requisites (Gill Net/ River Gill Net with Accessories),,1.0,fafpfrgnrgnwa,"“Financial Assistance To Fishermen For Purchase of Fisheries Requisites” is a scheme by the Department of Fisheries, Government of Goa. Through this scheme, a 50% subsidy is provided to the fishermen of Goa for the purchase of fisheries requisites (gill nets with accessories).","['Fishermen', 'Fish', 'Subsidy', 'Financial Assistance', 'Marine']",2025-11-26T22:18:29.576638
l6G4F5gBXu-iUKXqLnWz,{},['Goa'],FATUVAS,State,Individual,,"['Agriculture,Rural & Environment']",Financial Assistance to Take up Value Addition to Seafood,,1.0,fatuvas,"Through this scheme, individuals who have been residents of Goa for the last 15 years, and are interested in setting up a unit for value-added fisheries products are provided financial assistance as a subsidy of 50% of the cost for the Construction or Renovation of the Unit/ Purchase of Equipment.","['Subsidy', 'Financial Assistance', 'Fisheries', 'Construction', 'Equipment']",2025-11-26T22:18:29.576638
r6G4F5gBXu-iUKXqNXUy,{},['Goa'],FAFWAF,State,Individual,,"['Agriculture,Rural & Environment']",Financial Assistance to Fresh Water Aquaculture Farms,,1.0,fafwaf,"“Financial Assistance to Fresh Water Aquaculture Farms” is a scheme by the Dept. of Fisheries, Govt. of Goa. Through this scheme, financial assistance is provided to eligible fishermen for the construction and renovation of the Farm, for the purchase of farming equipment, and the purchase of feed.","['Fishermen', 'Fish', 'Aquaculture', 'Subsidy', 'Equipment', 'Shrimp']",2025-11-26T22:18:29.576638
ysa4F5gB0AGc0F0iLzRo,{},['Goa'],ISLAAA,State,Individual,,"['Agriculture,Rural & Environment']",Interest Subsidy on Loans for Agriculture and Allied Activities,,1.0,islaaa,"“Interest Subsidy on Loans for Agriculture and Allied Activities” is a scheme by the Dept. of Fisheries, Govt. of Goa. The bonafide agriculturist, individual of the animal husbandry/fisheries sector from Goa are provided a loan of upto ₹ 5,00,000 for the purpose of Agriculture and Allied Activities.","['Fisheries', 'Animal Husbandry', 'Loan', 'Agriculture', 'Subsidy']",2025-11-26T22:18:29.576638
nKG4F5gBXu-iUKXqLnX7,{},['Goa'],FAPBNIA,State,Individual,,"['Agriculture,Rural & Environment']",Financial Assistance for Purchase of Barrier Net and its Accessories,,1.0,fapbnia,"“Financial Assistance for Purchase of Barrier Net and its Accessories” is a scheme by Dept. of Fisheries, Govt. of Goa. Under this Scheme financial assistance is provided as a subsidy on the purchase of barrier nets and accessories for the fishermen. The applications are accepted offline.","['Fishermen', 'Fish', 'Subsidy', 'Financial Assistance']",2025-11-26T22:18:29.576638
h6G3F5gBXu-iUKXqsnUu,{},['Puducherry'],AGFST,State,Individual,,"['Agriculture,Rural & Environment']",Assistance to General Farmers for Sinking Tubewell,,1.0,agfst,"“Assistance to General Farmers for Sinking Tubewell"" was launched by the Dept of Agriculture and Farmer's Welfare, UT of Puducherry. Through this scheme, the farmers from the General Category are provided with a grant of 65% subsidy towards the construction of tubewell/filter point per individual.","['Tubewell', 'Subsidy', 'Farmer', 'Agriculture']",2025-11-26T22:18:29.576638
faG3F5gBXu-iUKXqsHW7,{},['Puducherry'],PIBESCHC,State,Individual,,"['Agriculture,Rural & Environment']",Production Incentive / Back-Ended Subsidy for Cultivation of Horticulture Crops,,1.0,pibeschc,"Through this scheme, the farmers who possess farmer's identity cards / authenticated land records/documents are provided with One-Time Assistance/ Bi‐Annual Assistance/ Annual Assistance for the Cultivation of Horticulture Crops such as Mango, Guava, and Sapota.","['Subsidy', 'Horticulture', 'Crop', 'Incentive', 'Farmer']",2025-11-26T22:18:29.576638
HRe3F5gB5uF80_MGM5DT,{},['All'],ISEPQISRDC:EOP:LCCN,Central,Individual,Ministry Of Commerce And Industry,"['Agriculture,Rural & Environment', 'Business & Entrepreneurship']",Integrated Scheme for Export Promotion & Quality Improvement in Spices and Research and Development of Cardamom: Export Oriented Production: Large Cardamom Certified Nursery (Unit),,1.0,isepqisrdceoplccn,"The scheme ""Export Oriented Production: Large Cardamom Certified Nursery (Unit)"" is a Sub-Scheme of the Integrated Scheme for Export Promotion & Quality Improvement in Spices and Research and Development of Cardamom by the Spice Board, Department of Commerce and Industry, Ministry of Commerce.","['Farmer', 'Nursery', 'Export', 'Subsidy', 'Agriculture', 'DBT']",2025-11-26T22:18:29.576638
lxf9F5gB5uF80_MGYJMf,{},['Karnataka'],Kapy,State,Individual,,"['Agriculture,Rural & Environment']",Krushy Aranya Protsaha Yojane (kapy),,1.0,kapy,The Karnataka Forest Department launched 'Krushi Aranya Protsaha Yojane (KAPY)' in 2011-12 to encourage farmers and the public to increase forest and tree cover by providing subsidized seedlings and monetary incentives for planting,"['Subsidy', 'Farmers', 'Tree Plantation', 'Three-year Nurturing', 'Pahani']",2025-11-26T22:18:29.576638
5sa0F5gB0AGc0F0iEDPB,{},['All'],KCC,Central,Individual,Ministry Of Agriculture and Farmers Welfare,"['Agriculture,Rural & Environment']",Kisan Credit Card,,1.0,kcc,The Kisan Credit Card (KCC) scheme was introduced in 1998 for issue of Kisan Credit Cards to farmers on the basis of their holdings for uniform adoption by the banks so that farmers may use them to readily purchase agriculture inputs and draw cash for their production needs. ,"['Kisan', 'Credit Card']",2025-11-26T22:18:29.576638
khe0F5gB5uF80_MGEI_U,{},['All'],AE,Central,Individual,Ministry Of Agriculture and Farmers Welfare,"['Agriculture,Rural & Environment']",Agricultural Extension,,1.0,ae,"Extension Division endeavours towards successful implementation of Agricultural Extension activities. Through its various programmes, schemes and activities, Extension Division helps farmers to get information regarding scientific research and new knowledge in agricultural practices.","['Agricultural', 'Extension']",2025-11-26T22:18:29.576638
rRf9F5gB5uF80_MGZZPn,{},['Gujarat'],MMKSY,State,Individual,,"['Agriculture,Rural & Environment']",Mukhya Mantri Mahila Kisan Sashaktikaran Yojana,,1.0,mmksy,Mukhya Mantri Mahila Kisan Sashaktikaran Yojana (MMKSY) is a scheme launched by the Government of Gujarat to empower women farmers in the state. The scheme was announced in the 2018-19 budget and is being implemented by the Department of Agriculture and Co-operation. ,"['Mukhya Mantri', 'Mahila', 'Kisan', 'Sashaktikaran Yojana']",2025-11-26T22:18:29.576638
ghezF5gB5uF80_MGkI8F,{},['Meghalaya'],STL,State,Individual,,"['Agriculture,Rural & Environment']",Soil Testing Laboratory,,1.0,stl,"Agriculture and Farmers' Welfare Department launched the ""Soil Testing Laboratory"" scheme for the farmer on 01 April 2013.","['Farmers', 'Agriculture', 'Soil Health']",2025-11-26T22:18:29.576638
v8azF5gB0AGc0F0iizNP,{},['Mizoram'],FFES,State,Individual,,"['Agriculture,Rural & Environment']",Feed And Fodder Entrepreneurship Scheme,,1.0,ffes,"It was launched by Union Government in 2014, and focused on supporting farmers in producing fodder from non-forest wasteland/grassland and cultivating coarse grains","['Fodder Value Addition', 'Total Mixed Ration', 'Storage Facilities', 'Farmers Scientist Interaction', 'Fodder Block Making']",2025-11-26T22:18:29.576638
_he2F5gB5uF80_MGHY-m,{},['Assam'],PSS,State,Individual,,"['Agriculture,Rural & Environment']",Price Support Scheme,,1.0,pss,The Government's price policy for agricultural commodities seeks to ensure remunerative prices to the growers for their produce with a view to encourage higher investment and production and to safeguard the interest of consumers by making available supplies at reasonable prices.,"['Farmer', 'Agriculture', 'Seeds', 'DBT', 'Financial Assistance']",2025-11-26T22:18:29.576638
86G1F5gBXu-iUKXqJnQ6,{},['Gujarat'],SSE25RBUSC,State,Individual,,"['Agriculture,Rural & Environment', 'Business & Entrepreneurship']",Subsidy Scheme On Establishment Of 25 R.I.R. Birds’ Unit For Scheduled Caste,,1.0,sse25rbusc,"The scheme “Subsidy Scheme on Establishment of 25 R.I.R. Birds’ unit for Scheduled Caste” was launched by the Department of Agriculture, Farmers Welfare & Co-operation, Government of Gujarat to provide employment, nutritious diet and to raise the income of Schedule Caste People of the society.","['Poultry Farming', 'Rhode Island Red', 'Subsidy', 'Scheduled Caste']",2025-11-26T22:18:29.576638
Jsa1F5gB0AGc0F0iKjQa,{},['Himachal Pradesh'],MKUSY,State,Individual,,"['Agriculture,Rural & Environment']",Mukhyamantri Krishi Utpadan Sanrakshan Yojana,,1.0,mkusy,"The scheme “Mukhyamantri Krishi Utpadan Sanrakshan Yojana” was launched by Dept. of Agriculture, Govt. of Himachal Pradesh by merging 3 ongoing protection-based Departmental schemes namely Sour Badhbandi, Anti-Hail Net Structure & Green House Renovation into single scheme having a common objective.","['Solar Fencing', 'Crop Protection', 'Subsidy', 'Hailstorms', 'Agriculture', 'Financial Assistance', 'Poly Sheets', 'Farmers']",2025-11-26T22:18:29.576638
aMa2F5gB0AGc0F0iIDQT,{},['Gujarat'],ASDTPWFF,State,Individual,,"['Agriculture,Rural & Environment']",Agricultural Skill Development Training Programme For Women Farmers And Farmers,,1.0,asdtpwff,"The scheme “Agricultural Skill Development Training Programme for Women Farmers and Farmers” was started by the Department of Agriculture, Farmers Welfare & Co-operation, Government of Gujarat.","['Agriculture', 'Farmer', 'Women', 'Training', 'Skill Development', 'Youth']",2025-11-26T22:18:29.576638
OqG2F5gBXu-iUKXqHnXE,{},['Rajasthan'],BSYRJ,State,Individual,,"['Agriculture,Rural & Environment']",Beej Swalamban Yojna,,1.0,bsyrj,Mukhyamantri Beej Swavalamban Yojana was started in the year 2017-18 with the objective of producing quality improved seeds on their farms for their own use by the farmers.,"['Seeds', 'Agriculture', 'Farmers', 'Farming Assistance']",2025-11-26T22:18:29.576638
zcbTF5gB0AGc0F0itTYt,{},['Rajasthan'],ZBNF,State,Individual,,"['Agriculture,Rural & Environment']",Zero Budget Natural Farming,,1.0,zbnf,"The Rajasthan State government started a scheme ""Zero Budget Natual Farming"" in 2020-21 to promote  natural farming. ","['Low Cost Fartming', 'Agriculture', 'Farmer', 'Training']",2025-11-26T22:18:29.576638
wxe1F5gB5uF80_MGJ493,{},['Gujarat'],SSEGU10GCP,State,Individual,,"['Agriculture,Rural & Environment', 'Business & Entrepreneurship']",Subsidy Scheme For Establishment Of Goat Unit (10+1) For General Category People,,1.0,ssegu10gcp,"The scheme “Subsidy Scheme for Establishment of Goat Unit (10+1) for General Category People” was launched by the Department of Agriculture, Farmers Welfare & Co-operation, Government of Gujarat to uplift Economically poor livestock breeders of Gujarat State.","['General Category', 'Goat', 'Subsidy', 'Milk Production', 'Employment']",2025-11-26T22:18:29.576638
Cca1F5gB0AGc0F0iJDQa,{},['Gujarat'],SSE100BBFSC,State,Individual,,"['Agriculture,Rural & Environment', 'Business & Entrepreneurship']",Subsidy Scheme For Establishment Of 100 Broiler Birds' Farm For Schedule Caste,,1.0,sse100bbfsc,"The scheme “Subsidy Scheme for Establishment of 100 Broiler Birds' Farm for Schedule Caste” was launched by the Department of Agriculture, Farmers Welfare & Co-operation, Government of Gujarat to provide supplementary income to Schedule Caste People of the society. ","['Poultry Farming', 'Scheduled Caste', 'Subsidy', 'Broiler Birds', 'Financial Assistance']",2025-11-26T22:18:29.576638
AqG1F5gBXu-iUKXqnHWx,{},['All'],NMNF,Central,Individual,Ministry Of Agriculture and Farmers Welfare,"['Agriculture,Rural & Environment']",National Mission on Natural Farming,,1.0,nmnf,"To motivate farmers to adopt chemical free farming and enhance the reach of natural farming, the Government has formulated National Mission on Natural Farming (NMNF) as a separate and independent scheme from 2023-24 by up scaling the Bhartiya Prakritik Krishi Paddati (BPKP).","['Natural Farming', 'Agro Ecology', 'Chemical-free Farming']",2025-11-26T22:18:29.576638
26H9F5gBXu-iUKXqtXjL,{},['Chhattisgarh'],Ksych,State,Individual,,"['Agriculture,Rural & Environment']",Kisan Samriddhi Yojana - Chhattisgarh,,1.0,ksych,"Chhattisgarh State Government started a scheme ""Kisan Samriddhi Yojana"" for farmer.","['Financial Assistance', 'Farmers', 'Agriculture', 'Pump Installation']",2025-11-26T22:18:29.576638
aqGwJ5gBXu-iUKXqLXlb,{},['Gujarat'],PSGTKVN,State,Individual,,"['Agriculture,Rural & Environment', 'Banking,Financial Services and Insurance', 'Business & Entrepreneurship']",Pashu Palan Yojana (GTKVN),,1.0,pgtkvn,"The scheme aims to enhance the livelihoods of Thakor and Koli communities by providing financial assistance for animal husbandry activities such as dairy farming. Under this scheme, loans of up to ₹1,00,000/- are provided for the purchase of milch animals such as cows and buffaloes.","['Loan', 'Thakor Caste', 'Koli Caste', 'Animal Husbandry', 'Self-employment']",2025-11-26T22:18:29.576638
V8buHJgB0AGc0F0iFTgl,{},['Gujarat'],PAPHSVC,State,Individual,,"['Agriculture,Rural & Environment']",Planting Assistance Program for Hybrid Seeds of Vegetable Crops,,1.0,paphsvc,"This scheme offers financial assistance to farmers for the plantation of hybrid seeds and promotion of natural farming in vegetable crops across Gujarat.

","['Agriculture', 'Vegetable Crop', 'Plantation Assistance', 'Natural Farming']",2025-11-26T22:18:29.576638
lKFcYJgBXu-iUKXqWHlK,{},['Gujarat'],SMSPGUJ,State,Individual,,"['Agriculture,Rural & Environment']",Sub mission on Seeds and Planting Material,,1.0,smspguj,"The scheme aims to increase the production of certified/quality seed; strengthen Seed Testing Laboratories; assist Seed Producing Institutes for the adoption of new technologies, ensuring farmers get quality seeds at the right time and reasonable prices.","['Improve Seed Quality', 'Seed Bank', 'Quality Control Laboratories', 'Farmer']",2025-11-26T22:18:29.576638
k8btb5gB0AGc0F0ijThw,{},['Gujarat'],ATCISTA,State,Individual,,"['Agriculture,Rural & Environment']",Assistance to Co-operative Irrigation Societies (Trible Area),,1.0,atcista,"The scheme ""Assistance to Co-operative Irrigation Societies (Tribal Area)"" aims to enhance agricultural productivity by financially supporting co-operative irrigation societies in tribal areas through the installation of water distribution infrastructure.","['Irrigation', 'Co-operative Irrigation Societies', 'Farm Productivity', 'Tribal Area Farmers']",2025-11-26T22:18:29.576638
nsYsf5gB0AGc0F0i5Di6,{},['Gujarat'],PMMSYIFAGUJ,State,Individual,,"['Agriculture,Rural & Environment']",Pradhan Mantri Matsya Sampada Yojana (PMMSY-Inland): Inputs for Freshwater Aquaculture - Gujarat,,1.0,pmmsyifaguj,The scheme aims to increase inland fish production and employment through reservoir-based fish farming. The scheme offers financial assistance to individuals and groups via the iKhedut portal.,"['Fish Farming', 'Biofloc', 'Recirculating Aquaculture System', 'Employment']",2025-11-26T22:18:29.576638
ihcuo5gB5uF80_MGvJTz,{},['Gujarat'],MFIHDG,State,Individual,,"['Agriculture,Rural & Environment']",Mission for Integrated Horticulture Development (MIDH),,1.0,mfihdg,"The scheme ""Mission for Integrated Horticulture Development (MIDH)"" is a centrally sponsored scheme that aims to promote growth in the horticulture sector through financial and technical support to farmers for cultivation, post-harvest management, and market linkage development.","['Horticulture', 'Post-Harvest Management', 'Horticulture', 'Market Development']",2025-11-26T22:18:29.576638
kBcoqJgB5uF80_MGRJSb,{},['Haryana'],LFFMPC20TD,State,Individual,,"['Agriculture,Rural & Environment']",PMMSY: Large Fish Feed Mill of Production Capacity of 20 Ton /Day Scheme - Haryana,,1.0,lffmpc20td,The scheme aims to strengthen aquaculture through fish feed production. It provides a grant per unit to the beneficiaries under PMMSY.,"['Financial Assistance', 'Fish Farmer', 'Production', 'Subsidy']",2025-11-26T22:18:29.576638
oheS25gB5uF80_MGt5TI,{},['Gujarat'],SPAFBGMT,State,Individual,,"['Agriculture,Rural & Environment']",Provide Assistance to Farmers Bringing Goods to Market Committees for Cost of Goods Transportation (Tribal),,1.0,spafbgmt,"The scheme ""Provide Assistance to Farmers Bringing Goods to Market Committees for Cost of Goods Transportation (Tribal)"" aims to encourage tribal farmers to bring their produce to market committees by providing financial assistance towards transportation costs.","['Tribal Farmers', 'Agricultural Market Access', 'Transport Subsidy', 'Co-operative Institutes']",2025-11-26T22:18:29.576638
v8ao25gB0AGc0F0i0TjI,{},['Gujarat'],AAEVCTHS,State,Individual,,"['Agriculture,Rural & Environment']",Assistance for Area Expansion of Vegetable Crops through Hybrid Seed,,1.0,aaevcths,"The scheme ""Assistance for Area Expansion of Vegetable Crops through Hybrid Seed"" aims to promote natural farming and hybrid seed cultivation through financial assistance to farmers. The scheme provides up to ₹20,000 per hectare to encourage sustainable agricultural practices.","['Vegetable Farming', 'Hybrid Seed', 'Natural Farming', 'Area Expansion']",2025-11-26T22:18:29.576638
xMYg3JgB0AGc0F0ixjjS,{},['Gujarat'],WSCP,State,Individual,,"['Agriculture,Rural & Environment']",Whale Shark Conservation Programme,,1.0,wscp,"The scheme aims to protect the endangered Whale Shark, the world's largest fish, along the Gujarat coast, a crucial breeding site. It mitigates threats from fishing by providing compensation for damaged nets and cultivates a strong conservation ethic among local fishermen and the broader public.","['Fishermen', 'Whale', 'Shark', 'Compensation', 'Marine', 'Wildlife']",2025-11-26T22:18:29.576638
w6Gq25gBXu-iUKXqbnnj,{},['Gujarat'],AEOFSG,State,Individual,,"['Agriculture,Rural & Environment']",Assistance for Establishment of On farm Storage for Sorting-Grading,,1.0,aeofsg,"The scheme ""Assistance for Establishment of On-Farm Storage for Sorting-Grading"" aims to prevent post-harvest spoilage in horticultural crops by providing financial assistance for constructing storage infrastructure and purchasing sorting-grading equipment for farmers across the state.","['Horticulture', 'Agricultural Infrastructure', 'Farm Storage']",2025-11-26T22:18:29.576638
06Fo_pgBXu-iUKXqCnlV,{},['Gujarat'],PMMSYELRASGUJ,State,Individual,,"['Agriculture,Rural & Environment']",Pradhan Mantri Matsya Sampada Yojana (PMMSY-Inland): Establishment of Large RAS Culture System Gujarat,,1.0,pmmsyelrasguj,"The scheme provides financial assistance for various inland fisheries activities, including the establishment of large Recirculating Aquaculture Systems (RAS), and is provided to individuals, societies, self-help groups, associations, reservoir leaseholders, and private entities.","['Fish Farming', 'Biofloc', 'Recirculating Aquaculture System', 'Employment', 'Large RAS']",2025-11-26T22:18:29.576638
0qFn_pgBXu-iUKXqmXm1,{},['Gujarat'],PMMSYEMRGUJ,State,Individual,,"['Agriculture,Rural & Environment']",Pradhan Mantri Matsya Sampada Yojana (PMMSY-Inland): Establishment of Medium RAS Culture System Gujarat,,1.0,pmmsyemrguj,The scheme aims to enhance fish production and create employment through sustainable inland fisheries. It provides financial support to eligible beneficiaries for setting up medium-scale RAS units.,"['Fish Farming', 'Biofloc', 'Recirculating Aquaculture System', 'Fish']",2025-11-26T22:18:29.576638
tBdn_pgB5uF80_MGiJSp,{},['Gujarat'],PMMSYEBYMGUJ,State,Individual,,"['Agriculture,Rural & Environment']",Pradhan Mantri Matsya Sampada Yojana (PMMSY-Inland): Establishment of Back-Yard Mini RAS Unit Gujarat,,1.0,pmmsyebymguj,The scheme aims to enhance inland fish production and create employment. It provides subsidies to eligible beneficiaries for fish hatchery and RAS unit establishment.,"['Fish Farming', 'Recirculating Aquaculture System', 'Fish', 'Biofloc']",2025-11-26T22:18:29.576638
1Mbf9JgB0AGc0F0iBDgx,{},['Gujarat'],DSMPVHSCFGUJ,State,Individual,,"['Agriculture,Rural & Environment']",Distribution of Seeds of more productions varieties/ Hybrids varieties Seeds and fertilizer at subsidies etc. to Adivasi farmers in Tribal Area: 100% Soluble Chemical Fertilizer/Nano Fertilizer Gujarat,,1.0,dsmpvhscfguj,"The scheme aims to help Adivasi farmers and tribal cultivators increase crop production and improve their livelihood. Through this scheme, subsidies are provided for various agricultural inputs and equipment such as seeds, fertilizers, plant protection equipment, and pump sets.","['Adivasi Farmers', 'Crop Production', 'Livelihood', 'Fertilizer Subsidies', 'Seeds', 'Nano Fertilizer']",2025-11-26T22:18:29.576638
z6Hc9JgBXu-iUKXqgHmb,{},['Gujarat'],DSMPVSFPPPGUJ,State,Individual,,"['Agriculture,Rural & Environment']",Distribution of Seeds of more productions varieties/ Hybrids varieties Seeds and fertilizer at subsidies etc. to Adivasi farmers in Tribal Area: Plant protection pesticides Gujarat,,1.0,dsmpvsfpppguj,"The scheme aims to help Scheduled Tribe farmers and tribal cultivators residing outside tribal areas achieve higher agricultural crop production and improve their livelihood. Through this scheme, various tools and practices are provided to the farmers at subsidised rates.","['Adivasi Farmers', 'Crop Production', 'Livelihood', 'Fertilizer', 'Subsidies', 'Plant Protection Pesticides']",2025-11-26T22:18:29.576638
wxfZD5kB5uF80_MGopQ_,{},['Gujarat'],GSEVP,State,Individual,,"['Transport & Infrastructure', 'Agriculture,Rural & Environment']",Gujarat State Electric Vehicle Policy,,1.0,gsevp,The policy aims to transition Gujarat's transportation sector towards electric mobility and establish the state as a manufacturing hub for electric vehicles. It provides subsidies for electric vehicle purchases and charging infrastructure development to promote sustainable transportation.,"['Vehicle', 'Manufacturing', 'Subsidy', 'Infrastructure', 'Transport', 'Technology', 'Environment']",2025-11-26T22:18:29.576638
86FDKZkBXu-iUKXq0nkO,{},['Gujarat'],NMSA-PKVY,State,Individual,,"['Agriculture,Rural & Environment']",National Mission For Sustainable Agriculture-Parmparagat Krishi Vikas Yojana (NMSA-PKVY),,1.0,nmsa-pkvy,"The scheme ""National Mission For Sustainable Agriculture-Parmparagat Krishi Vikas Yojana (NMSA-PKVY)"" is a Centrally Sponsored Scheme that aims to promote organic farming practices through providing financial assistance for organic inputs and infrastructure support to farmers.","['Organic Farming', 'Sustainable Agriculture', 'Infrastructure Support']",2025-11-26T22:18:29.576638
8qFCKZkBXu-iUKXqpnml,{},['Gujarat'],SCSPDSFIK,State,Individual,,"['Agriculture,Rural & Environment']",AGR-4 Scheduled Castes Sub-Plan for Distribution of Seeds and Fertilizers Input Kits at Subsidised Rates to Scheduled Caste Cultivators,,1.0,scspdsfik,"The scheme aims to provide subsidised seeds, fertilizers, and organic inputs to Scheduled Caste farmers to improve agricultural productivity.","['Agriculture', 'Farmer', 'Distribution Of Seeds', 'Fertilizers']",2025-11-26T22:18:29.576638
-KEiM5kBXu-iUKXqNXlv,{},['Gujarat'],SFBOTHW,State,Individual,,"['Agriculture,Rural & Environment']",Subsidy For Battery Operated Three-Wheelers,,1.0,sfbothw,"This scheme is introduced by the Climate Change Department, Gujarat, aims to promote the adoption of eco-friendly vehicles by providing a subsidy on the purchase of battery-operated three-wheelers.","['Battery Operated Three-Wheelers', 'Electric Scooter Subsidy', 'Electric Vehicle', 'Renewable Energy', 'Student']",2025-11-26T22:18:29.576638
_cbyMpkB0AGc0F0iZjgD,{},['Gujarat'],SFBOTW,State,Individual,,"['Agriculture,Rural & Environment']",Subsidy for Battery Operated 2-Wheelers,,1.0,sfbotw,"This scheme is introduced by the Climate Change Department, Gujarat, aims to promote renewable energy and clean transportation by providing a subsidy to students for the purchase of battery-operated two-wheelers from authorized manufacturers.","['Student', 'Electric Scooter Subsidy', 'Electric Vehicle', 'Renewable Energy']",2025-11-26T22:18:29.576638
ScZwupkB0AGc0F0i8jlq,{},['Madhya Pradesh'],NSYMP,State,Individual,,"['Agriculture,Rural & Environment']",Nandi Shala Yojana,,1.0,nsymp,"The scheme aims to improve local cattle breeds through natural insemination. Under this, indigenous breeding bulls are provided on subsidy to livestock farmers in rural Gram Panchayats.","['Dairy', 'Financial Assistance', 'Subsidy', 'Farmer', 'Cattle']",2025-11-26T22:18:29.576638
T8abvpkB0AGc0F0iyDkp,{},['Gujarat'],SCSP-EWSCF,State,Individual,,"['Agriculture,Rural & Environment', 'Utility & Sanitation']",Scheduled Caste Sub Plan (SCSP): Electrification of Wells of Scheduled Caste Farmers,,1.0,scsp-ewscf,The scheme aims to provide agricultural electricity connections on a priority basis to Scheduled Caste farmers. Benefits include electrification of wells and free domestic electricity connections for Scheduled Caste farmers and beneficiaries across Gujarat.,"['Farmer', 'Scheduled Caste', 'Electricity', 'Agriculture', 'Rural']",2025-11-26T22:18:29.576638
QaFfv5kBXu-iUKXquXqi,{},['Madhya Pradesh'],MDADP,State,Individual,,"['Agriculture,Rural & Environment']","Mukhyamantri Dairy Animal Distribution Programme (Special Backward Tribes Baiga, Bharia & Sahariya)",,1.0,mdadp,The scheme aims to improve the livelihood and nutritional security of tribal communities by providing two dairy animals at a 90% subsidy to eligible tribal livestock farmers.,"['Special Backward Tribal', 'Livestock', 'Farmer', 'Financial Assistance', 'Nutrition']",2025-11-26T22:18:29.576638
X8ZIzpkB0AGc0F0iHDlv,{},['Goa'],FADFBSTSCPBDE,State,Individual,,"['Agriculture,Rural & Environment', 'Social welfare & Empowerment']",Financial Assistance To Dairy Farmers Belonging To Scheduled Tribes And Scheduled Caste For Purchase Of Basic Dairy Equipments,,1.0,fadfbstscpbde,"The scheme aims to provide assistance to the Scheduled Tribes and Scheduled Caste communities for the purchase of basic dairy equipments needed to run a small scale dairy farming, and to encourage the tribal population to adopt Animal Husbandry activities, especially Dairy Development Schemes.","['Farmer', 'Dairy', 'Equipment', 'Subsidy', 'Scheduled Caste', 'Scheduled Tribe']",2025-11-26T22:18:29.576638
Nhcu4ZkB5uF80_MGc5Uu,{},['Goa'],DMF-ACIOMU,State,Individual,,"['Agriculture,Rural & Environment']",Development of Manures & Fertilizers:  Assistance for construction/Installation of Organic Manure Units,,1.0,dmf-aciomu,"The scheme aims to aid in the conversion of available on-farm organic waste into chemical-free organic manure, providing quality organic farming inputs for sustainable agriculture. The applications for this scheme are accepted offline via the Zonal Agriculture Officer.","['Agriculture', 'Farmer', 'Crop', 'Soil', 'Plant']",2025-11-26T22:18:29.576638
Y8Yv3pkB0AGc0F0iCznl,{},['Goa'],DMF-SCM,State,Individual,,"['Agriculture,Rural & Environment']",Development of Manures & Fertilizers: Assistance for use of Soil Conditioner,,1.0,dmf-scm,"The scheme aims to amend the soil based on soil test reports, address pH and nutrient deficiencies in fertilization practices, and address important soil deficiencies like micronutrients that affect crop productivity. The payment of the sanctioned subsidy is through the Electronic Clearance System.","['Agriculture', 'Farmer', 'Crop', 'Soil', 'Plant']",2025-11-26T22:18:29.576638
isZsKZoB0AGc0F0iujlc,{},['Madhya Pradesh'],MPFVCDES,State,Individual,,"['Agriculture,Rural & Environment']",Madhya Pradesh Fasal Vividhikaran (Crop Diversification) Encouragement Scheme,,1.0,mpfvcdes,"The scheme aims to encourage crop diversification by providing necessary inputs to farmers who shift from growing wheat and paddy. Benefits are provided primarily to the implementing Company, Firm, or Institution to cover costs related to Human Resources and Marketing, benefiting farmers.","['Farmer', 'Institution', 'Crop', 'Diversification', 'Marketing', 'Agriculture']",2025-11-26T22:18:29.576638
k8aVKZoB0AGc0F0i9Dmv,{},['Madhya Pradesh'],MMKSY-MP,State,Individual,,"['Agriculture,Rural & Environment']",Mukhya Mantri Krishak Samriddhi Yojana,,1.0,mmksy-mp,"The scheme aims to incentivize farmers for improving production and quality of specific Rabi and Kharif crops by providing an incentive payment over and above the Minimum Support Price received. It provides varying financial incentives per quintal to registered farmers selling wheat, paddy, etc.","['Farmer', 'Incentive', 'Agriculture', 'Procurement', 'Subsidy']",2025-11-26T22:18:29.576638
WxdeKZoB5uF80_MGlZXv,{},['Uttarakhand'],NGY-UK,State,Individual,,"['Agriculture,Rural & Environment']",Namami Gange Yojana- Uttarakhand,,1.0,ngy-uk,The scheme aims to promote sustainable and organic farming practices among farmers residing in villages along the banks of the Ganga and its tributaries.,"['Farmer', 'Organic Farming', 'Ganga', 'Agriculture']",2025-11-26T22:18:29.576638
VxdeJJoB5uF80_MGMpVP,{},['Uttarakhand'],TPML,State,Individual,,"['Agriculture,Rural & Environment']",Tour Program of Modern Laboratories,,1.0,tpoml,"The scheme aims to promote biotechnology education and research by providing students, researchers, and farmers with exposure to modern laboratories, advanced research activities, and innovative technologies.","['Farmer', 'Researcher', 'Student', 'Biotechnology', 'Modern Laboratories']",2025-11-26T22:18:29.576638
iMZbKZoB0AGc0F0i5TnY,{},['Uttarakhand'],ACSUK,State,Individual,,"['Agriculture,Rural & Environment', 'Business & Entrepreneurship']",Allotment of Commercial Shops,,1.0,acsuk,The scheme aims to promote ease of doing business for licensed traders by providing them with well-located commercial shops in market yards (mandis).,"['Commercial Shop', 'Business', 'Trader', 'Shop Allotment']",2025-11-26T22:18:29.576638
iRepTpoB5uF80_MGNJXF,{},['Uttarakhand'],AIGCD,State,Individual,,"['Agriculture,Rural & Environment']",Agricultural Investment Grant (in Case of Crop Damage of 33% or More),,1.0,aiguk,"The scheme aims to provide financial assistance to farmers who suffer crop losses of 33% or more due to natural calamities such as floods, heavy rainfall, drought, hailstorms, or other notified disasters.","['Farmer', 'Agricultural', 'Crop Loss', 'Investment Subsidy', 'Crop Damage']",2025-11-26T22:18:29.576638
pBe5F5gB5uF80_MGX5A2,{},['Maharashtra'],GOPINATH MUNDE SHETKARI APGHAT SURAKSHA SANUGRAH AUDHAN YOJANA,State,Family,,"['Agriculture,Rural & Environment']",Gopinath Munde Shetkari Apghat Suraksha Sanugrah Audhan Yojana,,2.0,gopinath-munde-shetkari-apghat-suraksha-sanugrah-audhan-yojana,In order to give financial support to the aggrieved family members of the ill-fated farmers the State Govt. has provided accident claim cover through Gopinath Munde Shetkari Apghat Suraksha Sanugrah Audhan Yojana in the year 2023-24.,"['Compensation', 'Person With Disability', 'General', 'Direct Benefit Transfer', 'Assistance', 'Farmer']",2025-11-26T22:18:29.576638
5KG_F5gBXu-iUKXqg3YX,{},['Jharkhand'],BHGY,State,Family,,"['Agriculture,Rural & Environment']",Birsa Harit Gram Yojana,,2.0,bhgy,"The ""Birsa Harit Gram Yojana"" by the Rural Development Department, Government of Jharkhand, promotes afforestation while generating sustainable livelihoods. It supports SC, ST, and landless families through plantation activities under MGNREGA, ensuring income and environmental sustainability. ","['Financial Assistance', 'Livelihood', 'Opportunities', 'Promote Afforestation']",2025-11-26T22:18:29.576638
bKHCF5gBXu-iUKXqAXeV,{},['Haryana'],SIC,State,Family,,"['Agriculture,Rural & Environment']",Solar Inverter Charger,,2.0,sic,"The ""Solar Inverter Charger"" by the Renewable Energy Department, Government of Haryana, aims to promote the use of renewable energy and reduce electricity dependence by providing a subsidy of ₹6,000/- or ₹10,000/- for solar inverter charger systems to eligible households.","['Renewable Energy', 'Solar Inverter', 'Subsidy', 'Green Energy Initiative']",2025-11-26T22:18:29.576638
dRfBF5gB5uF80_MG_5K4,{},['Haryana'],SMS-MJ,State,Family,,"['Agriculture,Rural & Environment']",Solar Home System (Manohar Jyoti),,2.0,sms-mj,"The ""Solar Home System (Manohar Jyoti)"" by the Renewable Energy Department, Government of Haryana, aims to promote renewable energy adoption and ensure sustainable power access through solar solutions. Through this scheme, a subsidized solar home lighting system is provided to families.","['Solar Home System', 'Renewable Energy', 'Solar Subsidy']",2025-11-26T22:18:29.576638
-qH-F5gBXu-iUKXqVng1,{},['Puducherry'],IRA-WRFLSNCS,State,Family,,"['Agriculture,Rural & Environment', 'Social welfare & Empowerment']"," ""Immediate Relief Assistance"" under ""Welfare and Relief for Fishermen During Lean Seasons and Natural Calamities Scheme""",,2.0,ira-wrflsncs,"The scheme ""Immediate Relief Assistance"" under ""Welfare and Relief for Fishermen During Lean Seasons and Natural Calamities Scheme"" is introduced to extend financial assistance to the fishermen's families to compensate for the loss due to the missing breadwinner and to support them financially.","['Missing', 'Fisherman', 'Relief', 'Financial Assistance', 'Family']",2025-11-26T22:18:29.576638
96G1F5gBXu-iUKXqKnRK,{},['Himachal Pradesh'],MPDICBRSBFSCC,State,Family,,"['Agriculture,Rural & Environment']",Maintenance Of Pregnant Desi/Indigenous Cow/Buffalo Ration Scheme For BPL Families Belonging To Scheduled Caste (SC) Category,,2.0,mpdicbrsbfscc,"A scheme had been launched by the Department of Animal Husbandry, Government of Himachal Pradesh with the aim to provides a 50% subsidy on a balanced ration for pregnant cows or buffalo during the last trimester of pregnancy.","['Livestock', 'BPL Families', 'Pregnant Cows Or Buffaloes']",2025-11-26T22:18:29.576638
Zca2F5gB0AGc0F0iHzSt,{},['Uttar Pradesh'],KDKY,State,Family,,"['Agriculture,Rural & Environment']",Krishak Durghatna Kalyan Yojana,,2.0,kdky,The government will provide compensation to the farmers after any accident.,"['Financial Assistance', 'Death Benefits', 'Disability', 'Farmers']",2025-11-26T22:18:29.576638
Ghc9GJgB5uF80_MGB5Rw,{},['Gujarat'],FARS,State,Family,,"['Agriculture,Rural & Environment', 'Banking,Financial Services and Insurance']",Fishermen Accident Relief Scheme,,2.0,fars,"The ""Fishermen Accident Relief Scheme"" introduced by the Agriculture, Farmers Welfare and Cooperation Department, Gujarat, aims to support the families of Gujarat's active fishermen by offering monetary compensation in case of accidental fatalities.

","['Agriculture', 'Farmer', 'Insurance', 'Accidental Assistance']",2025-11-26T22:18:29.576638
1Rf-F5gB5uF80_MGQJMd,{},['Puducherry'],WRFLSNCS-LSA,State,Family,,"['Agriculture,Rural & Environment', 'Social welfare & Empowerment']","Lean Season Assistance under ""Welfare and Relief for Fishermen During Lean Seasons and Natural Calamities Scheme""",,2.0,wrflsncs-lsa,"The scheme ""Lean Season Assistance"" under ""Welfare and Relief for Fishermen During Lean Seasons and Natural Calamities Scheme"" is introduced with the objective of assisting fishermen families who are deprived of income during natural calamities and fishing ban periods.","['Fishermen', 'Fish', 'Welfare', 'Relief', 'Food', 'Clothes']",2025-11-26T22:18:29.576638
QBe3F5gB5uF80_MGr5BY,{},['Meghalaya'],TDS,State,Family,,"['Agriculture,Rural & Environment']",Tea Development Scheme,,2.0,tds,The objective of the scheme is to continue the experimental plantation of tea and to find the possibility of growing tea economically as well as on a commercial scale.,"['Tea', 'Farmer', 'Financial Assistance', 'Agriculture', 'Horticulture', 'Tea Grower', 'Subsidy']",2025-11-26T22:18:29.576638
BMa0F5gB0AGc0F0iJDQH,{},['Gujarat'],JJAIS,State,Family,,"['Agriculture,Rural & Environment']",Janta Juth Accidental Insurance Scheme,,2.0,jjais,"""Janta Juth"" is a Farmer's Accidental Insurance Scheme by the Govt. of Gujarat to provide economic assistance of upto ₹ 2,00,000 to Farmers in case of Death or Disability. The objective is to assist the successor of the farmer in case of death or disability due to an accident.","['Accident', 'Insurance', 'Farmer', 'Financial Assistance', 'Person With Disability']",2025-11-26T22:18:29.576638
2qF8_pgBXu-iUKXqrnl9,{},['Gujarat'],GAISGUJ2,State,Family,,"['Agriculture,Rural & Environment', 'Banking,Financial Services and Insurance']",Group Accident Insurance Scheme under PMMSY: Permanent Partial Disability Gujarat,,2.0,gaisguj2,"The scheme aims to provide financial assistance to fishermen/fishermen's families in case of death or injury. Through this scheme, insurance coverage for Permanent Partial Disability is provided to eligible fishers.","['Fishermen', 'Disability', 'Insaurance', 'Injury', 'Partial Disability']",2025-11-26T22:18:29.576638
rRcF9ZgB5uF80_MGpZRO,{},['Gujarat'],GAISGUJ3,State,Family,,"['Agriculture,Rural & Environment', 'Banking,Financial Services and Insurance']",Group Accident Insurance Scheme under PMMSY: Medical Treatment - Gujarat,,2.0,gaisguj3,"The scheme aims to provide financial assistance to fishermen/fishermen's families in case of death or injury. Through this scheme, insurance coverage for Medical Treatment is provided to eligible fishers.","['Accident', 'Fishermen', 'Medical Treatment', 'Insaurance', 'Injury']",2025-11-26T22:18:29.576638
PxeMBpoB5uF80_MGR5VY,{},['Gujarat'],SKJY,State,Family,,"['Utility & Sanitation', 'Agriculture,Rural & Environment']",Sardar Krushi Jyoti Yojana ,,2.0,skjy,"The scheme improves power supply for farmers by replacing old wires and equipment and upgrading agricultural feeders for uninterrupted service, which is crucial for irrigation.","['Electricity', 'Agricultural', 'Farmers', 'Consumers']",2025-11-26T22:18:29.576638
1hf-F5gB5uF80_MGQZP8,{},['Puducherry'],WRFLSNCS-FBPS,State,Family,,"['Agriculture,Rural & Environment', 'Social welfare & Empowerment']","""Fishing Ban Period Assistance"" under ""Welfare and Relief for Fishermen During Lean Seasons and Natural Calamities Scheme""",,2.0,wrflsncs-fbps,"The scheme ""Fishing Ban Period Assistance"" under ""Welfare and Relief for Fishermen During Lean Seasons and Natural Calamities Scheme"" is introduced with the objective of assisting fishermen families who are deprived of income during natural calamities and fishing ban periods.","['Welfare', 'Relief', 'Clothes', 'Fisheries', 'Fisherman']",2025-11-26T22:18:29.576638
txf9F5gB5uF80_MGa5OE,{},['Himachal Pradesh'],MOPDCRFBF,State,Family,,"['Agriculture,Rural & Environment']",Maintenance Of Pregnant Desi Indigenous Cows Ration For BPL Families,,2.0,pregnant-desiindigenous-cows-ration,"The Department of Animal Husbandry, Government of Himachal Pradesh had introduced a scheme with the help of which balanced ration at the rate 3kg/day/cow or buffalo for maximum of two animals for three months during the last trimester of pregnancy at 50% subsidy.","['Pregnant Desi Indigenous Cows', 'Balanced Ration', 'BPL Families']",2025-11-26T22:18:29.576638
3he1F5gB5uF80_MGno8T,{},['All'],RAD,Central,Family,Ministry Of Agriculture and Farmers Welfare,"['Agriculture,Rural & Environment']",Rainfed Area Development,,2.0,rad,"Rainfed Area Development (RAD) scheme was launched in 2014-15 to mainstream development of rainfed areas in a sustainable manner. It adopts an area-based approach, focuses on Integrated Farming System (IFS) for enhancing productivity and minimizing risks associated with climatic variability. ","['Rainfed', 'Dryland Agriculture', 'Watershed', 'Sustainable Agriculture']",2025-11-26T22:18:29.576638
Dxc9GJgB5uF80_MGBZSZ,{},['Gujarat'],FAIS,State,Family,,"['Agriculture,Rural & Environment', 'Banking,Financial Services and Insurance']",Farmers Accidental Insurance Scheme,,2.0,fais,"This scheme has been introduced by the Agriculture, Farmers Welfare and Cooperation Dept., Gujarat. It aims to provide financial assistance to the families of registered farmers in the event of accidental death or disability.","['Agriculture', 'Farmer', 'Accidental Insurance']",2025-11-26T22:18:29.576638
98b-F5gB0AGc0F0iPjeF,{},['Puducherry'],WRFLSNCS-IDRA,State,Family,,"['Agriculture,Rural & Environment', 'Social welfare & Empowerment']","""Immediate Death Relief Assistance"" under ""Welfare and Relief for Fishermen During Lean Seasons and Natural Calamities Scheme""",,2.0,wrflsncs-idra,"The scheme ""Immediate Death Relief Assistance"" is introduced with the objective of extending financial assistance to the fishermen's families to compensate for the loss due to the sudden demise of the breadwinner and to support them financially to run their family. ","['Death', 'Fisherman', 'Relief', 'Financial Assistance', 'Family']",2025-11-26T22:18:29.576638
EMa1F5gB0AGc0F0iJTQv,{},['West Bengal'],KBS,State,Family,,"['Agriculture,Rural & Environment', 'Social welfare & Empowerment']",Krishak Bandhu Scheme,,2.0,kbs,"The scheme aims to provide financial security to farmers through direct income support and death/disability benefits. It benefits small and marginal farmers with annual assistance of ₹5,000/- per acre and a one-time payout of ₹2,00,000/- in case of death.","['Farmer', 'Financial Assistance', 'Agriculture', 'Income', 'Death', 'Disability']",2025-11-26T22:18:29.576638
raGzF5gBXu-iUKXqjHQM,{},['Chhattisgarh'],RGGBKMNY,State,Family,,"['Agriculture,Rural & Environment']",Rajiv Gandhi Gramin Bhoomihin Krishi Majdoor Nyay Yojana,,2.0,rggbkmny,"The state government has started the ""Rajiv Gandhi Landless Agricultural Laborer Justice Scheme"" with a view to providing strength to farmers. ","['Financial Assistance', 'Agricultural', 'Landless', 'Laborer']",2025-11-26T22:18:29.576638
WKEU85kBXu-iUKXqwnoE,{},['Gujarat'],GRS-GUJ,State,Family,,"['Agriculture,Rural & Environment']",Goat Rearing Scheme,,2.0,grsguj,"The scheme aims to increase the income and raise the living standards of tribal women beneficiaries. Through this scheme, financial assistance is provided for setting up goat units.","['Women', 'BPL', 'Disability', 'Scheduled Tribe', 'Farmer']",2025-11-26T22:18:29.576638
IMY7GJgB0AGc0F0iJzjO,{},['Jharkhand'],CMDRS,State,Family,,"['Agriculture,Rural & Environment']",Chief Minister Drought Relief Scheme,,2.0,cmdrs,"The Chief Minister Drought Relief Scheme aims to provide relief and financial assistance to families affected by drought in designated areas. The scheme ensures financial security, livelihood support, and basic resources for drought-hit communities.","['Financial Assistance', 'Farmer', 'Drought']",2025-11-26T22:18:29.576638
jxdrp5gB5uF80_MGa5Sp,{},['Haryana'],SSWPS,State,Family,,"['Agriculture,Rural & Environment']",Solar Water Pumping System,,2.0,sswps,"The scheme ""Solar Water Pumping System"" by the Renewable Energy Department, Government of Haryana aims to encourage the adoption of renewable energy for irrigation. Through this scheme, solar water pumps are provided at a 75% subsidy to eligible farmers and institutions for irrigation need","['Renewable Energy', 'Solar Water Pump', 'Solar Irrigation', 'Micro Irrigation']",2025-11-26T22:18:29.576638
A6G1F5gBXu-iUKXqnHW8,{},"['Andhra Pradesh', 'Telangana', 'Chhattisgarh', 'Tamil Nadu', 'Kerala', 'Gujarat', 'Karnataka', 'Odisha', 'Mizoram', 'Nagaland', 'Assam', 'Arunachal Pradesh', 'Manipur', 'Goa', 'Tripura']",NMEO OP,Central,Infra,Ministry Of Agriculture and Farmers Welfare,"['Agriculture,Rural & Environment']",National Mission on Edible Oils- Oil Palm,,3.0,nmeo-op,"The Mission was launched with the aim to enhance the edible oilseeds production and oils availability in the country by harnessing Oil Palm area expansion, increasing CPO production and to reduce import burden on edible oils. ","['Oil Palm', 'Area Expansion', 'Oil Palm Mill', 'Seed Garden', 'Seed Nursery', 'Processor']",2025-11-26T22:18:29.576638
0xe1F5gB5uF80_MGnI_E,{},['All'],AGROFORESTRY,Central,Infra,Ministry Of Agriculture and Farmers Welfare,"['Agriculture,Rural & Environment']",Agroforestry component under RKVY,,3.0,agroforestry,"Sub-Mission on Agroforestry was launched in 2016-17 to promote plantation on farmlands along with agricultural crops. The scheme aims to increase farm income, expand tree cover and promote better carbon sequestration for climate change adaptation and mitigation.",[],2025-11-26T22:18:29.576638
lBe5F5gB5uF80_MGS5AK,{},['Odisha'],MMKY-RFCS,State,Infra,,"['Agriculture,Rural & Environment']","""Reactivation Of Fisheries Cooperative Societies"" Component of the ""Mukhyamantri Maschyajibi Kalyan Yojana"" Scheme",,3.0,mmky-rfcs,"The objective of the ""Reactivation Of Fisheries Cooperative Societies"" scheme is to provide a one-time revolving fund of ₹2,00,000/- to each eligible Primary Fishermen Cooperative Society for working capital of the society and improvement of the socio-economic status of the members in the long run.","['Society', 'Fishermen', 'Financial Assistance']",2025-11-26T22:18:29.576638
LMa6F5gB0AGc0F0iRjVR,{},['All'],NWA,Central,Infra,Ministry Of Jal Shakti,"['Agriculture,Rural & Environment']",National Water Awards,,3.0,nwa,The objective of the National Water Awards is to encourage the stakeholders to adopt a holistic approach toward water resource management in the country as surface water and groundwater play a signiﬁcant role in the water cycle. ,"['Water', 'Awards', 'Development', 'Water Resources']",2025-11-26T22:18:29.576638
yBe5F5gB5uF80_MGz5BM,{},['Gujarat'],ATESGEPHMGC(HRT2),State,Infra,,"['Agriculture,Rural & Environment']","Assistance for Tools, Equipment, Shorting/Grading Equipment, PHM Equipment for General Category (HRT-2)",,3.0,atesgephmgchrt2,"Under the scheme, financial assistance is provided to farmers belonging to the General Category as well as to farmer groups and cooperative societies for purchasing various tools, equipment, sorting/grading equipment, and Post-Harvest Management (PHM) equipment.","['Tools', 'Shorting Equipment', 'General Category', 'HRT-2', 'Farmer', 'Financial Assistance', 'Post-Harvest Management', 'Farmer Group', 'Cooperative Society']",2025-11-26T22:18:29.576638
Fca5F5gB0AGc0F0izzU9,{},['Gujarat'],HTAGC(HRT-2),State,Infra,,"['Agriculture,Rural & Environment']",Harvesting Tools Assistance for General Category (HRT-2),,3.0,htagchrt-2,"Under the scheme, financial assistance is provided to farmers belonging to the General Category as well as to FPOs (Farmers Producer Organizations), FPCs (Farmers Producer Companies), FIGs (Farmer Interest Groups), SHGs (Self-Help Groups), and Cooperative Societies for purchasing harvesting tools.","['Harvesting Tool', 'General Category', 'HRT-2', 'Farmer', 'Financial Assistance', 'FPO', 'FPC', 'FIG', 'SHG', 'Co-Operative Society']",2025-11-26T22:18:29.576638
GBfZF5gB5uF80_MGVpMb,{},['Bihar'],MMSCVY,State,Infra,,"['Agriculture,Rural & Environment', 'Business & Entrepreneurship']",Mukhyamantri Samekit Chaur Vikas Yojana,,3.0,mmscvy,"The ""Mukhyamantri Samekit Chaur Vikas Yojana"" under Seven Nishchay-2, aims to develop undeveloped and unutilized private land in Bihar for fish-based integrated aquaculture. With a budget of ₹2972.79 lakh, the scheme targets the sustainable development of 600 hectares of Chaur land, enhancing fish.","['Financial Assistance', 'Employment', 'Farmers', 'Fish Production']",2025-11-26T22:18:29.576638
G8bZF5gB0AGc0F0iUDdT,{},['Bihar'],KJMPAMPKY,State,Infra,,"['Agriculture,Rural & Environment']",Khule Jalsroto Mei Pen Aadharit Matsya Paalan ki Yojana,,3.0,kjmpampky,"The ""Khule Jalsroto Mei Pen Aadharit Matsya Paalan ki Yojana"" objective of this scheme is to increase fish productivity and production through semi-intensive / intensive fisheries of large-scale available government wetland water sources (Man, Chaur and Lake etc.), strengthening aquaculture through","['Financial Assistance', 'Productivity', 'Fish Farming', 'Group']",2025-11-26T22:18:29.576638
dhe9F5gB5uF80_MGY5Et,{},['Tamil Nadu'],DOCSOM,State,Infra,,"['Agriculture,Rural & Environment']",Distribution of Certified Seeds of Maize,,3.0,docsom,"The ""Distribution of Certified Seeds of Maize"" scheme by the Agriculture-Farmers Welfare Department, Tamil Nadu offers a subsidy to maize-growing farmers in specific districts of the state, providing financial assistance for purchasing certified maize seeds.

","['Agriculture', 'Farmer', 'Seed Distribution', 'Maize', 'Subsidy']",2025-11-26T22:18:29.576638
oRe9F5gB5uF80_MG4JG5,{},['Jharkhand'],RFDS,State,Infra,,"['Agriculture,Rural & Environment']",Reservoir Fisheries Development Scheme,,3.0,rfds,"The scheme ""Reservoir Fisheries Development Scheme"" by the Department of Fisheries, Government of Jharkhand, enhances fish production and livelihood opportunities for registered fisheries cooperatives through the provision of fish fingerlings, boats, and nets.","['Financial Assistance', 'Fisheries', 'Subsidy', 'Development']",2025-11-26T22:18:29.576638
-Rc7GJgB5uF80_MGJpMK,{},['Bihar'],CMBKYII,State,Infra,,"['Agriculture,Rural & Environment']",Cluster Mei Bagwani Ki Yojana-II,,3.0,cmbkyii,"The scheme aims to promote cluster-based cultivation of selected crops, including guava, amla, lemon, bael, lemongrass, papaya, marigold, dragon fruit, and strawberry.","['Agriculture', 'Subsidy', 'Financial Assistance', 'Fruit Development', 'Flower Development']",2025-11-26T22:18:29.576638
FMa_F5gB0AGc0F0iiDaW,{},['Jharkhand'],FBFS,State,Infra,,"['Agriculture,Rural & Environment']",Feed Based Fisheries Scheme,,3.0,fbfs,"The ""Feed Based Fisheries Scheme"" by the Agriculture, Animal Husbandry & Cooperation Department, Government of Jharkhand aims to enhance fish production through feed-based fisheries. This scheme provides financial assistance to fish farmers in the form of grants for fish feed to improve production.","['Financial Assistance', 'Fish Production', 'Fish Farmers']",2025-11-26T22:18:29.576638
PaE9GJgBXu-iUKXqB3lc,{},['Gujarat'],PFPHMVA,State,Infra,,"['Agriculture,Rural & Environment']",Promoting to Farmer for Post Harvesting & Management (Value Addition),,3.0,pfphmva,"This scheme has been introduced by the Agriculture, Farmers Welfare and Cooperation Department, Gujarat. It aims to support farmers in setting up crop value addition units using post-harvesting technology and management concepts.","['Agriculture', 'Farmer', 'Post Harvesting Technology']",2025-11-26T22:18:29.576638
QaE9GJgBXu-iUKXqB3mK,{},['Gujarat'],IASTASF,State,Infra,,"['Agriculture,Rural & Environment']","Incentive Assistance to Scheduled Tribe Farmers to Increase the Area, Production and Productivity of Sugarcane Farming",,3.0,iastasf,"This scheme has been introduced by the Agriculture, Farmers Welfare and Cooperation Department, Gujarat. It aims to provide financial assistance to ST farmers to increase sugarcane production and productivity through quality seeds, modern farming practices, and agricultural mechanization.","['Agriculture', 'Farmer', 'Incentive', 'Scheduled Tribe', 'Sugarcane Farming']",2025-11-26T22:18:29.576638
JRc9GJgB5uF80_MGDpSe,{},['Gujarat'],CFAACOBRR,State,Infra,,"['Agriculture,Rural & Environment']",COP-5 Financial Assistance to Agricultural Credit Co-operative Banks (PACS/LAMPS) for Reconstruction and Reestablishment (General/Tribal Area),,3.0,cfaacobrr,"The scheme provides financial assistance to Primary Agricultural Credit Societies (PACS) and Large-sized Agricultural Multi-Purpose Societies (LAMPS) in General and Tribal areas to strengthen their economic viability and ensure their continued contribution to the cooperative credit structure.

","['Agriculture', 'Co Operative Banks', 'Reconstruction']",2025-11-26T22:18:29.576638
Nca_F5gB0AGc0F0i9DYN,{},['Gujarat'],MASAV,State,Infra,,"['Agriculture,Rural & Environment']",Managerial Assistance Scheme for Appointment of Veterinarian,,3.0,masav,"The ""Managerial Assistance Scheme for Appointment of Veterinarian"" provides financial support to registered Panjrapols for appointing a qualified veterinarian to ensure proper medical care, vaccination, and scientific record-keeping for animals housed in Gaushalas/ Panjrapols.

","['Agriculture', 'Animal Husbandry', 'Veterinarian']",2025-11-26T22:18:29.576638
MxfAF5gB5uF80_MGb5Kc,{},['Chhattisgarh'],KVMY,State,Infra,,"['Agriculture,Rural & Environment']",Kisan Vriksha Mitra Yojana,,3.0,kvmy,"The scheme aims to promote commercial tree plantation on private lands, ensuring buyback of produce, increasing farmers' income, and generating employment. The scheme benefits farmers, private institutions, and other stakeholders by providing financial assistance for plantation.","['Forest', 'Environment', 'Tree', 'Plantation', 'Farmer']",2025-11-26T22:18:29.576638
NaE9GJgBXu-iUKXqBXn0,{},['Gujarat'],SSBUTSC,State,Infra,,"['Agriculture,Rural & Environment']","Subsidy Scheme on Establishment of 25 R.I.R. Bird’s Unit, 100 Broiler Bird’s Unit and Stipend for Poultry Farming Training for Scheduled Caste People",,3.0,ssbutsc,The scheme aims to support Scheduled Caste individuals by providing financial assistance for poultry farming.,"['Animal Husbandry', 'Broiler Birds Unit', 'Poultry Farming', 'Employment', 'Training']",2025-11-26T22:18:29.576638
IBfAF5gB5uF80_MGbZKZ,{},['Gujarat'],SPACROAM,State,Infra,,"['Agriculture,Rural & Environment', 'Business & Entrepreneurship']",Scheme to Provide Assistance for Construction of Retail Outlets/ Agricultural Malls in State Market Committees,,3.0,spacroam,"This scheme has been introduced by the Agriculture, Farmers Welfare and Cooperation Dept., Gujarat. It aims to support market committees in constructing retail outlets and agricultural malls to facilitate direct selling of farmers' produce, ensuring better pricing and increasing farmers' income.","['Agriculture', 'Retail Outlets', 'Agricultural Malls', 'Assistance For Construction']",2025-11-26T22:18:29.576638
YcbkF5gB0AGc0F0iPzf5,{},['Puducherry'],GSIS-ICFSFPU,State,Infra,,"['Transport & Infrastructure', 'Agriculture,Rural & Environment']",Grant of Subsidy For Setting up of Ice-Plant /Cold Storage/Fish Processing Unit,,3.0,gsis-icfsfpu," This scheme aims to preserve fish and fishery products by facilitating the establishment of Ice Plant-cum-Cold Storage Units and Fish Processing Units. Through this scheme, eligible beneficiaries can avail a 10% subsidy.","['Fish', 'Plant', 'Grant', 'Subsidy', 'Financial Assistance']",2025-11-26T22:18:29.576638
lMa3F5gB0AGc0F0iOTQV,{},['All'],DSCTA:R,Central,Infra,Ministry Of Commerce And Industry,"['Agriculture,Rural & Environment']",Development Support for Coffee in Traditional Areas: Replantation,,3.0,dsctar,"The objective of the scheme ""Development Support for Coffee in Traditional Areas: Replantation"" is to improve the production and productivity of coffee plantations by encouraging replantation of old/senile and unproductive plantations with high-yielding, disease-tolerant coffee varieties.","['Coffee', 'Agriculture', 'Farmer', 'Plantation', 'Subsidy']",2025-11-26T22:18:29.576638
fsa3F5gB0AGc0F0iMzSt,{},['All'],DSCTA:SSGCSCCM,Central,Infra,Ministry Of Commerce And Industry,"['Agriculture,Rural & Environment']",Development Support for Coffee in Traditional Areas: Support to Small Growers' Collectives/ SHGs/ Cooperatives for Coffee Marketing,,3.0,dsctassgcsccm,"The objective of the scheme is to extend support to small and tiny growers, incentivizing them to form collectives/ Self Help Groups/ Cooperatives, thus encouraging them to take up marketing of coffee produced on a community-based approach through suitable financial incentives.","['Coffee', 'Farmer', 'Agriculture', 'Subsidy', 'DBT']",2025-11-26T22:18:29.576638
4Ma0F5gB0AGc0F0iEDML,{},['Jammu and Kashmir'],ISDS,State,Infra,,"['Agriculture,Rural & Environment']",Integrated Sheep Development Scheme,,3.0,isds,ISDS was launched in the year 2020-21 by the J&K Govt. to promote income generation through the establishment of sheep & goat units. This scheme is innovative & self-sustaining as fresh units shall be established in a continuous cyclic manner from the retrieved livestock of previous beneficiaries.,"['Livestock', 'Animal Husbandry']",2025-11-26T22:18:29.576638
7KG1F5gBXu-iUKXqJXS_,{},['Arunachal Pradesh'],CMAMP,State,Infra,,"['Agriculture,Rural & Environment']",Chief Minister’s Agriculture Mechanisation Programme,,3.0,cmamp,The scheme “Chief Minister’s Agriculture Mechanisation Programme” was started by the government of Arunachal Pradesh to promote mechanization & hiring services for various agriculture Machinery/ Implements of post-harvest technology (PHY) equipment applied for different operations.,"['Farmer', 'Mechanisation', 'Agriculture', 'Subsidy', 'Financial Assistance']",2025-11-26T22:18:29.576638
naHtb5gBXu-iUKXq8Hkp,{},['Gujarat'],FLSGDPSUG,State,Infra,,"['Agriculture,Rural & Environment']",Facilitation of Large Size Godowns in APMC and Taluka-District Purchase Sale Union (General),,3.0,flsgdpsug,"The scheme aims to strengthen the financial status of district and taluka-level cooperative buying and selling unions by supporting infrastructure projects like storage godowns, marketing facilities, and branding units.","['Agriculture Marketing', 'Cooperative Unions', 'Infrastructure Support', 'Branding', 'Grading', 'Processing']",2025-11-26T22:18:29.576638
l8YteZgB0AGc0F0iLTgR,{},['Gujarat'],PMMSYSFRGUJ,State,Infra,,"['Agriculture,Rural & Environment']",Pradhan Mantri Matsya Sampada Yojana (PMMSY-Inland): Stocking of fingerlings in reservoir - Gujarat,,3.0,pmmsysfrguj,"The scheme aims to bring about a Blue Revolution through the sustainable and responsible development of the fisheries sector in India, with a focus on increasing fish production, creating employment, and ensuring the socio-economic welfare of fishers. ","['Fish Farming', 'Biofloc', 'Recirculating Aquaculture System', 'Employment', 'Fingerling']",2025-11-26T22:18:29.576638
hxcZo5gB5uF80_MG05QG,{},['Gujarat'],KKYAABMG,State,Infra,,"['Agriculture,Rural & Environment']",Kishan Kalpvriksh Yojana (Scheme for Assistance to APMCs to Provide Basic and Modern Facilities) (General),,3.0,kkyaabmg,"The scheme ""Kishan Kalpvriksh Yojana (Scheme for Assistance to APMCs to Provide Basic and Modern Facilities) (General)"" aims to improve agricultural market infrastructure by providing financial assistance to Agricultural Produce Market Committees (APMCs) for developing modern facilities.","['Agricultural Market', 'APMC', 'Infrastructure Development', 'Farmer Welfare', 'Cold Storage']",2025-11-26T22:18:29.576638
q8Yao5gB0AGc0F0iuTjz,{},['Gujarat'],KKYAABMT,State,Infra,,"['Agriculture,Rural & Environment']",Kishan Kalpvriksh Yojana (Scheme for Assistance to APMCs to Provide Basic and Modern Facilities) (Tribal),,3.0,kkyaabmt,The scheme “Kishan Kalpvriksh Yojana (Scheme for Assistance to APMCs to Provide Basic and Modern Facilities) (Tribal)” aims to strengthen agricultural markets by providing financial assistance for the modernization and development of basic facilities to Cooperative Market Committees in tribal areas.,"['Agricultural Market', 'APMC', 'Infrastructure Development', 'Tribal Area']",2025-11-26T22:18:29.576638
2MZp_pgB0AGc0F0iPThP,{},['Gujarat'],ASCFPBGUJ,State,Infra,,"['Agriculture,Rural & Environment']",Assistance to Scheduled Castes for Fisheries: Fish Collection Cum Patrolling Boat Gujarat,,3.0,ascfpbguj,The scheme aims to increase fish production by rearing fish in reservoirs and provide employment to Scheduled Caste people involved in inland fisheries activities.,"['Fish Production', 'Fish Farming', 'Fishermen', 'Fish Farmer', 'Fish Collection Cum Patrolling Boat']",2025-11-26T22:18:29.576638
JBe3F5gB5uF80_MGNJBI,{},['All'],SPDMTFPTANTNER,Central,Infra,Ministry Of Commerce And Industry,"['Business & Entrepreneurship', 'Agriculture,Rural & Environment']","Scheme for Plantation Development (New planting & Replanting) under Medium Term Framework Plan (MTFP) in Traditional Areas (Kerala and Tamil Nadu), Non-Traditional and North Eastern Region",,3.0,spdmtfptantner,The Scheme is intended to increase the production of natural rubber in India by accelerating new planting and replanting of rubber on scientific lines. Accelerated new planting/replanting would be achieved by giving proper technical guidance and financial assistance to growers.,"['Rubber', 'Agriculture', 'Farming', 'Plant', 'Seed', 'Subsidy', 'DBT']",2025-11-26T22:18:29.576638
XRe4F5gB5uF80_MGLpBp,{},['Goa'],FARFS,State,Infra,,"['Agriculture,Rural & Environment']",Financial Assistance for Registered Fishermen Society,,3.0,farfs,"Through this scheme, the fisheries co-operative societies/associations registered with the Fisheries Co-operative Societies, having more than 25 members, will be eligible for financial assistance to the extent of ₹50,000 as a grant-in-aid. The applications are accepted only in offline mode.","['Society', 'Fishermen', 'Fish', 'Financial Assistance', 'Grant']",2025-11-26T22:18:29.576638
Xhe4F5gB5uF80_MGLpBq,{},['All'],CDPNER:QUC:SECOC,Central,Infra,Ministry Of Commerce And Industry,"['Agriculture,Rural & Environment']",Coffee Development Programme in North Eastern Region: Quality Upgradation / Certification: Support for Eco-Certification / Organic Certification,,3.0,cdpnerqucsecoc,The scheme aims to encourage coffee growers to improve quality for higher returns and improve access to high-value specialty markets through the production of eco-certified coffees. It also encourages small growers to form groups/collectives to take up eco-certification.,"['Agriculture', 'Farmer', 'Subsidy', 'DBT']",2025-11-26T22:18:29.576638
hsa3F5gB0AGc0F0iNTSV,{},['All'],LHADC,Central,Infra,"Ministry of Fisheries,Animal Husbandry and Dairying","['Agriculture,Rural & Environment']",Livestock Health and Diseases Control,,3.0,lhadc,"The Livestock Health and Diseases Control (LH&DC) scheme is a Centrally Sponsored Scheme (CSS) implemented by the Department of Animal Husbandry and Dairying (DAHD), Ministry of Agriculture and Farmers' Welfare, Government of India.","['Animal Husbandry', 'Animal Health', 'Livestock Diseases']",2025-11-26T22:18:29.576638
_sa0F5gB0AGc0F0iGDMQ,{},['All'],SAGY,Central,Infra,Ministry Of Rural Development,"['Agriculture,Rural & Environment']",Saansad Adarsh Gram Yojana,,3.0,sagy,"Saansad Adarsh Gram Yojana aims to translate the comprehensive vision of Mahatma Gandhi about an ideal Indian village into reality, keeping in view the present context. Each Member of Parliament adopts a Gram Panchayat and guides its holistic progress giving importance to social development.",['Rural Development'],2025-11-26T22:18:29.576638
2Mb9F5gB0AGc0F0iaTco,{},['Himachal Pradesh'],SOPOSRTSB,State,Infra,,"['Agriculture,Rural & Environment', 'Banking,Financial Services and Insurance']",Scheme Of Provision Of Subsidized Rams To Sheep Breeders,,3.0,rams-to-sheep-breeders,"The Department of Animal Husbandry, Government of Himachal Pradesh has introduced a scheme named ""Scheme of provision of subsidized Rams to Sheep Breeders""  to improve the Quality and Quantity of Wool being produced in the state.","['Sheep Farming', 'Income Generation Opportunities', 'Subsidized Rams', 'Sheep Breeders']",2025-11-26T22:18:29.576638
hxezF5gB5uF80_MGkI9j,{},['Mizoram'],BMFE,State,Infra,,"['Agriculture,Rural & Environment']",Breed Multiplication Farm Entrepreneurship,,3.0,bmfe,At present entrepreneurs/farmers interested in taking up dairy programmes are facing difficulties in sourcing disease-free high-yielding heifers or cows and farmers are dependent on either middlemen or other farmers maintaining dairy animals for sourcing their requirement of dairy animals. ,"['Breed Multiplication Farms', 'Heifers Of Cattle And Buffaloes', 'Forconstruction Of Cattle', 'Farmers Scientist Interaction', 'Cattle And Buffalo Breeding']",2025-11-26T22:18:29.576638
HKG1F5gBXu-iUKXqn3Uy,{},['All'],NBHM,Central,Infra,Ministry Of Agriculture and Farmers Welfare,"['Agriculture,Rural & Environment', 'Social welfare & Empowerment']",National Beekeeping & Honey Mission,,3.0,nbhm,National Beekeeping & Honey Mission (NBHM) was announced as part of the Atmanirbhar Bharat Abhiyaan and aims  for the overall promotion & development of scientific beekeeping in the country to achieve the goal of ‘Sweet Revolution’ which is being implemented through National Bee Board (NBB),"['Honey FPO', 'Beekeeper', 'Farmers', 'Entrepreneurs', 'Start Up']",2025-11-26T22:18:29.576638
6BfXF5gB5uF80_MGOJKz,{},['Puducherry'],GEFM-MESIFAI-SA-MSME,State,Infra,,"['Business & Entrepreneurship', 'Agriculture,Rural & Environment']","""Green and Eco-Friendly Measures"" under “Motivation of Entrepreneurs to Start Industries and Fiscal Assistance to Industries - State Awards to Micro, Small and Medium Enterprises”",,3.0,gefm-mesifai-sa-msme,"The award for ""Green and Eco-Friendly Measures"" is conferred upon the industries that are green and eco-friendly as per the standards of the Department of Science, Technology and Environment (DSTE), Puducherry. The awardee is given a cash award of ₹2,00,000/- and a citation.","['Award', 'Entrepreneur', 'MSME', 'Business', 'Environment']",2025-11-26T22:18:29.576638
KqG7F5gBXu-iUKXqV3Ya,{},['West Bengal'],FMH,State,Infra,,"['Agriculture,Rural & Environment']",Farm Machinery Bank (FMB)/Farm Machinery Hub (FMH),,3.0,fmh,"“Farm Machinery Bank (FMB)/Farm Machinery Hub (FMH)”  by the Agriculture Department, Government of West Bengal aims to facilitate end-to-end (from land development to residue management) use of farm machinery which can be within the reach of the small and marginal farmers at reasonable charges.
","['Agriculture', 'Farmers', 'Employment', 'Subsidy', 'Rural', 'Youth', 'Farm Machinery', 'Entrepreneurs', 'Machinery Bank', 'Machinery Hub']",2025-11-26T22:18:29.576638
Fxe7F5gB5uF80_MGV5HZ,{},['West Bengal'],CHC,State,Infra,,"['Agriculture,Rural & Environment']",Credit Linked Subsidy Scheme for Rural Entrepreneurs to set up Custom Hiring Centres (CHC) of Farm Machinery,,3.0,chc,"“Credit Linked Subsidy Scheme for Rural Entrepreneurs to set up Custom Hiring Centres (CHC) of Farm Machinery”  by the Agriculture Dep, Government of West Bengal aims to provide opportunity to rural entrepreneurs for setting up of Custom Hiring Centres.","['Agriculture', 'Farmers', 'Credit Linked Subsidy', 'Financial Assistance', 'Entrepreneurs', 'Custom Hiring Centres', 'Farm Machinery', 'Subsidy']",2025-11-26T22:18:29.576638
i8bnF5gB0AGc0F0icTcn,{},['Jharkhand'],JKRMY,State,Infra,,"['Agriculture,Rural & Environment']",Jharkhand Krishi Rin Mafi Yojana,,3.0,jkrmy,"The objective of the scheme is to provide relief from the debt burden to short-term agricultural loan holders in the state. Under this scheme, outstanding loan amounts of up to ₹50,000/- in standard crop loan outstanding accounts as of 31st March 2020, will be waived.","['Farmer', 'Crop Loan', 'Kisan Credit Card', 'Agriculture']",2025-11-26T22:18:29.576638
hqG9F5gBXu-iUKXqZnYn,{},['Tamil Nadu'],GSTN,State,Infra,,"['Agriculture,Rural & Environment']",Generator Subsidy-Tamil Nadu,,3.0,gstn,"The “Generator Subsidy” scheme provides a 25% subsidy on the cost of generator sets up to 125 KVA capacity for manufacturers in Tamil Nadu.
","['Agriculture', 'Generator', 'Subsidy', 'Manufacture']",2025-11-26T22:18:29.576638
fKG9F5gBXu-iUKXqYnZ2,{},['Tamil Nadu'],IPMDCT,State,Infra,,"['Agriculture,Rural & Environment']",Integrated Pest Management Demonstration Cum Training,,3.0,ipmdct,"The “Integrated Pest Management Demonstration Cum Training” scheme provides financial assistance for 30 farmers to conduct pest management demonstrations and training using a cluster approach in Farmer Field Schools.
","['Agriculture', 'Farmer', 'Integrated Pest Management', 'Training']",2025-11-26T22:18:29.576638
H6E7GJgBXu-iUKXqJHk7,{},['Bihar'],CMBKY,State,Infra,,"['Agriculture,Rural & Environment']",Cluster Mei Bagwani Ki Yojana,,3.0,cmbky,"The scheme aims to promote cluster-based cultivation of selected crops, including guava, amla, lemon, bael, lemongrass, papaya, marigold, dragon fruit, and strawberry.

","['Agriculture', 'Subsidy', 'Financial Assistance', 'Fruit Development', 'Flower Development']",2025-11-26T22:18:29.576638
MsY9GJgB0AGc0F0iBjji,{},['Gujarat'],AGRASP,State,Infra,,"['Agriculture,Rural & Environment']",AGR-61 Agro Service Providers for the Purpose of Making Farming More Profitable With the Help of Farm Mechanization,,3.0,agrasp,"This scheme has been introduced by the Agriculture, Farmers Welfare and Cooperation Dept., Gujarat. It aims to support farmers in Gujarat by facilitating access to farm implements and mechanization.

","['Agriculture', 'Agro Service Providers', 'Farm Mechanization']",2025-11-26T22:18:29.576638
naHqF5gBXu-iUKXq83jI,{},['Gujarat'],SMPBPBS,State,Infra,,"['Agriculture,Rural & Environment']",Scheme for Management and Purchase of Bulls Provided for Breeding of State Gir/ Kankarej Breed,,3.0,smpbpbs,"The scheme provides financial assistance to registered Gaushalas for rearing purebred Gir or Kankrej male cow calves with high genetic quality to promote pure breeding in indigenous cattle.
","['Agriculture', 'Animal Husbandry', 'Milk Production', 'Breeding']",2025-11-26T22:18:29.576638
N8a_F5gB0AGc0F0i9DYW,{},['Gujarat'],SAMSC,State,Infra,,"['Agriculture,Rural & Environment']",Scheme of Assistance for Management of Stray Cattle,,3.0,samsc,This scheme provides financial support to local self-government bodies and registered Panjrapoles to reduce or eradicate the problem of stray cattle by encouraging their maintenance and proper care.,"['Agriculture', 'Animal Husbandry', 'Stray Cattle']",2025-11-26T22:18:29.576638
OKHAF5gBXu-iUKXqcXcp,{},['All'],NLMEEBDRP,Central,Infra,"Ministry of Fisheries,Animal Husbandry and Dairying","['Business & Entrepreneurship', 'Agriculture,Rural & Environment']",National Livestock Mission: Establishment of Entrepreneurship for Breed Development of Rural Poultry,,3.0,eebdrp,"The scheme aims to promote entrepreneurship in rural poultry farming. Through this scheme, a 50% capital subsidy is provided for establishing Parent Farms, Rural Hatcheries, and Brooder cum Mother Units.","['Rural Poultry', 'Poultry Farming', 'Entrepreneurship', 'Brooder Cum Mother Unit', 'Parent Farm', 'Rural Hatchery', 'Subsidy']",2025-11-26T22:18:29.576638
9Re_F5gB5uF80_MGiZHM,{},['Gujarat'],SACEIDGE,State,Infra,,"['Business & Entrepreneurship', 'Agriculture,Rural & Environment']",Scheme of Assistance for Common Environment Infrastructure: Scheme for Development of Green Estate,2025-08-06,3.0,saceidge,"The ""Scheme of Assistance for Common Environment Infrastructure"" under the Gujarat Industrial Policy aims to provide incentives for environmental compliance to ensure long-term economic and ecological balance.","['Entrepreneurship', 'Environment Infrastructure', 'Development Of Green Estate']",2025-11-26T22:18:29.576638
QKHAF5gBXu-iUKXqc3dN,{},['Gujarat'],ISALTLCSS,State,Infra,,"['Agriculture,Rural & Environment']",Interest Subvention against long terms loan to the Co-operative sugar societies (Normal Area) (Tribal Area),,3.0,isaltlcss,"This scheme has been introduced by the Agriculture, Farmers Welfare and Cooperation Department, Gujarat. It aims to provide interest subvention on long-term loans taken by sugar cooperative societies for payment of sugarcane arrears for the year 2018-19.

","['Agriculture', 'Farmer', 'Sugar Co-operatives', 'Terms Loan', 'Interest Subvention']",2025-11-26T22:18:29.576638
DBe_F5gB5uF80_MG8ZL2,{},['Gujarat'],SAIFGP,State,Infra,,"['Agriculture,Rural & Environment']",Scheme to Assist for Infrastructural Facilities for Gaushalas & Panjrapole,,3.0,saifgp," ""Scheme to Assist for Infrastructural Facilities for Gaushalas & Panjrapole"" aims to support animal welfare organizations like gaushalas and panjrapoles by offering financial assistance for the development and construction of essential infrastructure.","['Agriculture', 'Animal Husbandry', 'Animal Welfare', 'Infrastructural Facilities']",2025-11-26T22:18:29.576638
GaG_F5gBXu-iUKXq9Hfm,{},['Gujarat'],SGIPGP,State,Infra,,"['Agriculture,Rural & Environment']",Scheme to Give Incentive-Prize to Gaushala/ Panjrapole,,3.0,sgipgp,"The ""Scheme to Give Incentive-Prize to Gaushala/ Panjrapole"" focuses on enhancing the management and operation of Gaushalas and Panjrapoles by offering incentive prizes to the top performers.
","['Agriculture', 'Animal Husbandry', 'Incentive']",2025-11-26T22:18:29.576638
YKE9GJgBXu-iUKXqEnlq,{},['Gujarat'],FACIPCD,State,Infra,,"['Agriculture,Rural & Environment']",Finance Assistant to PACS for Computerization and Integration of PACS through Core Banking System with District Cooperative Banks,,3.0,facipcd,"The scheme provides financial assistance to Primary Agricultural Credit Societies (PACS) for computerization and integration with District Cooperative Banks (DCCBs) through a Core Banking System (CBS), enhancing rural banking infrastructure and digital access.
","['Computerization', 'Management Information System', 'Digital Infrastructure']",2025-11-26T22:18:29.576638
vcaW25gB0AGc0F0i1TgB,{},['Gujarat'],SFCSAMBDG,State,Infra,,"['Agriculture,Rural & Environment']",Contribution to State Agriculture Marketing Board Development Fund (General),,3.0,sfcsambdg,"The scheme ""Contribution to State Agriculture Marketing Board Development Fund (General)"" by the Agriculture and Co-operation Department, Government of Gujarat, aims to strengthen market infrastructure through financial assistance to State Agriculture Marketing Boards.","['Agricultural Marketing', 'Market Committees', 'Development Fund', 'Co-operative Institutions', 'Infrastructure Development']",2025-11-26T22:18:29.576638
WhdaKZoB5uF80_MGT5WR,{},['Uttarakhand'],HPY,State,Infra,,"['Utility & Sanitation', 'Agriculture,Rural & Environment']",Hand Pump Yojana,,3.0,hpy,The scheme aims to provide reliable and accessible drinking water facilities to farmers and villagers through the installation of hand pumps.,"['Hand Pump', 'Villager', 'Farmer']",2025-11-26T22:18:29.576638
aKG3F5gBXu-iUKXqN3X8,{},['All'],ISAC,Central,Infra,Ministry Of Agriculture and Farmers Welfare,"['Agriculture,Rural & Environment']",Integrated Scheme on Agriculture Cooperation,,3.0,isac,"The Integrated Scheme on Agriculture Cooperation (ISAC) is a Central Sector Scheme of the Ministry of Agriculture and Farmers Welfare, Government of India. It is being implemented through the National Cooperative Development Corporation (NCDC).","['Financial Assistance', 'Improve Economic Conditions', 'Loan']",2025-11-26T22:18:29.576638
-Re2F5gB5uF80_MGHY9d,{},['Assam'],Cmfm,State,Infra,,"['Agriculture,Rural & Environment']",Chief Minister Floriculture Mission,,3.0,cmfm,"This is a special scheme initiated during 2014-15 aimed at all-round development of floriculture sector in the State which incorporates cultivation, marketing, training etc. For the year 2015- 16 cultivation of Gerbera under Shade net house with tissue cultured planting materials is proposed.","['Farmer', 'Cultivation', 'Marketing', 'Trainning']",2025-11-26T22:18:29.576638
9Ma5F5gB0AGc0F0iwDQS,{},['Gujarat'],ATES/GEPHMEST(HRT3),State,Infra,,"['Agriculture,Rural & Environment']","Assistance for Tools, Equipment, Shorting/Grading Equipment, PHM Equipment for Scheduled Tribes (HRT-3)",,3.0,atesgephmesthrt3,"Under the scheme, financial assistance is provided to farmers belonging to the Scheduled Tribes category as well as to farmer groups and cooperative societies for purchasing various tools, equipment, sorting/grading equipment, and Post-Harvest Management (PHM) equipment.","['Tools', 'Equipment', 'Scheduled Tribe', 'HRT-3', 'Financial Assistance', 'Farmer', 'Farmer Group', 'Cooperative Society']",2025-11-26T22:18:29.576638
-aH-F5gBXu-iUKXqVHhp,{},['Puducherry'],GSPMSFV,State,Infra,,"['Agriculture,Rural & Environment', 'Transport & Infrastructure']",Grant of Subsidy for Purchase of Mobile Sea Food Van,,3.0,gspmsfv,"The scheme aims to provide the beneficiary with a mobile seafood van. This van, financed through a combination of bank loan and departmental subsidy (25% and 75%, respectively), is intended for the sale of fresh and processed fish and fishery products in areas not served by regular markets.","['Fish', 'Subsidy', 'Fisherman', 'Grant', 'Transport']",2025-11-26T22:18:29.576638
LqG7F5gBXu-iUKXqV3a4,{},['West Bengal'],OTA-SFI,State,Infra,,"['Agriculture,Rural & Environment']",One Time Assistance to Small and Marginal Farmers for Purchase of Small Farm Implements (OTA-SFI),,3.0,ota-sfi,"“One Time Assistance to Small and Marginal Farmers for Purchase of Small Farm Implements (OTA-SFI)”  by the Agriculture Department, Government of West Bengal aims to aid the farmers in procuring manually operated small farm implements necessary for agricultural operations.
","['Agriculture', 'Farmers', 'Small Farm Implements', 'Financial Assistance']",2025-11-26T22:18:29.576638
yca9F5gB0AGc0F0i4TUv,{},['Jharkhand'],FSJHASCOFISH,State,Infra,,"['Agriculture,Rural & Environment']",Formation Scheme of JHASCOFISH,,3.0,fsjhascofish,"The “Formation Scheme of JHASCOFISH” by the Department of Animal Husbandry and Fisheries, Government of Jharkhand, aims to support fishermen cooperatives and enhance fish production. It provides financial aid, technical support, and welfare benefits to fishermen.","['Financial Assistance', 'Fish Production', 'Fishermen']",2025-11-26T22:18:29.576638
IRfAF5gB5uF80_MGbZK0,{},['Gujarat'],SGSCCS,State,Infra,,"['Agriculture,Rural & Environment', 'Business & Entrepreneurship']",State Government Share Capital Contribution to Co.operative Sugar Factories (Normal Area) (Tribal Area),,3.0,sgsccs,"This scheme has been introduced by the Agriculture, Farmers Welfare and Cooperation Department, Gujarat. It aims to provide financial assistance in the form of a 30% share capital contribution by the State Government for setting up new sugar cooperative factories in Gujarat.

","['Agriculture', 'Sugar Co-operatives Factories']",2025-11-26T22:18:29.576638
SBfAF5gB5uF80_MGeZJv,{},['All'],NLMGIPBEPSCPL,Central,Infra,"Ministry of Fisheries,Animal Husbandry and Dairying","['Business & Entrepreneurship', 'Agriculture,Rural & Environment']",National Livestock Mission: Genetic Improvement of Pig breeds - Establishment of Pig Semen Collection and Processing Lab,,3.0,epscpl,"The Scheme aims to enhance per-animal productivity, reduce inbreeding, and minimize sexually transmitted diseases in pigs. Through this scheme, financial assistance is provided for establishing semen processing labs at government pig farms.","['Pig Farm', 'Pig Semen', 'Processing Lab', 'Genetic Improvement', 'Boar']",2025-11-26T22:18:29.576638
_KG_F5gBXu-iUKXqjXbp,{},['Jharkhand'],FMS,State,Infra,,"['Agriculture,Rural & Environment']",Fish Marketing Scheme,,3.0,fms,"The scheme ""Fish Marketing Scheme"" by the Fisheries Division, Government of Jharkhand, provides financial support for fish marketing and transportation. Beneficiaries receive subsidies for four-wheeler transport vans and equipment for aquarium shops.","['Financial Assistance', 'Four-wheeler', 'Marketing']",2025-11-26T22:18:29.576638
ghfqF5gB5uF80_MG-ZPf,{},['Gujarat'],SFRPGKGQ,State,Infra,,"['Agriculture,Rural & Environment']",Scheme for Rearing Purebreed Gir/ Kankarage Male Cow Calves with Excellent Genetic Quality,,3.0,sfrpgkgq,The scheme provides financial assistance to registered Gaushalas for rearing purebred Gir or Kankrej male cow calves with high genetic quality to promote pure breeding in indigenous cattle.,"['Agriculture', 'Animal Husbandry', 'Cattle Breeding', 'Cattle Development']",2025-11-26T22:18:29.576638
nKHtb5gBXu-iUKXqtnnE,{},['Gujarat'],ATCISG,State,Infra,,"['Agriculture,Rural & Environment']",Assistance to Co-operative Irrigation Societies M. N. R.-10 (General Area),,3.0,atcisg,"The scheme ""Assistance to Co-operative Irrigation Societies, M. N. R.-10 (General Area)""  aims to increase agricultural production by supporting irrigation cooperative societies through the provision of pumps and electric motors for efficient water distribution.","['Irrigation', 'Co-operative Irrigation Societies', 'Farm Productivity', 'Water Distribution']",2025-11-26T22:18:29.576638
n6EveZgBXu-iUKXqaHkO,{},['Gujarat'],ASCFSRGUJ,State,Infra,,"['Agriculture,Rural & Environment']",Assistance to Scheduled Castes for Fisheries: Fish seed rearing - Gujarat,,3.0,ascfsrguj,The scheme aims to increase fish production by rearing fish in reservoirs and providing employment to Scheduled Caste (SC) people involved in inland fisheries activities. ,"['Fish Production', 'Fish Farming', 'Fishermen', 'Fish Farmer', 'Fish Seed Rearing']",2025-11-26T22:18:29.576638
lxdY1ZgB5uF80_MG5ZSp,{},['Gujarat'],NMOECHCHG,State,Infra,,"['Agriculture,Rural & Environment']",National Mission on Edible Oil- Oil Palm: Custom Hiring Centre cum Harvester Groups,,3.0,nmoechchg,"The scheme component ""Custom Hiring Centre cum Harvester Groups"" under the ""National Mission on Edible Oil–Oil Palm"" scheme aims to increase the production of oil palm in the state and reduce dependency on imports by supporting farmers with equipment and facilities.

","['Edible Oil', 'Oil Palm', 'Custom Hiring Centre', 'Harvester Group']",2025-11-26T22:18:29.576638
LMZPdZkB0AGc0F0iHDkb,{},['All'],PMAJAY-AG,Central,Infra,Ministry Of Social Justice and Empowerment,"['Social welfare & Empowerment', 'Transport & Infrastructure', 'Agriculture,Rural & Environment']",Pradhan Mantri Anusuchit Jaati Abhyuday Yojana (PM-AJAY) - Adarsh Gram,,3.0,pmajay-ag,"The scheme aims to achieve integrated development of selected villages primarily through implementation of existing Central and State Government schemes in a convergent manner, ensuring access to quality services and infrastructure development in villages having SC population more than 40%.","['Village', 'Scheduled Caste', 'Infrastructure', 'Education', 'Employment', 'Healthcare', 'Sanitation', 'Livelihood', 'Empowerment']",2025-11-26T22:18:29.576638
S8a7vZkB0AGc0F0iSjlu,{},['Gujarat'],SKSVY,State,Infra,,"['Transport & Infrastructure', 'Agriculture,Rural & Environment', 'Utility & Sanitation']",Sagar Khedu Sarvangi Vikas Yojana,,3.0,sksvy,"The scheme aims to improve power infrastructure in coastal taluks by addressing corrosion issues, ensuring adequate voltage, and continuous electricity supply. Benefits include reduction in motor burnout, prevention of industrial losses, and providing new agricultural electricity connections.","['Power', 'Infrastructure', 'Coastal', 'Electricity', 'Consumer', 'Farmer']",2025-11-26T22:18:29.576638
axe4F5gB5uF80_MGMZCO,{},['All'],CDPNER:SGN,Central,Infra,Ministry Of Commerce And Industry,"['Agriculture,Rural & Environment']",Coffee Development Programme in North Eastern Region: Support for Group Nurseries,,3.0,cdpnersgn,"The scheme ""Coffee Development Programme in North Eastern Region: Support for Group Nurseries"" by the Coffee Board, Department of Commerce, Ministry of Commerce and Industry, aims to provide growers with high-quality coffee seedlings to ensure the proper establishment of plantations.","['Agriculture', 'Farmer', 'Subsidy', 'Financial Assistance', 'DBT']",2025-11-26T22:18:29.576638
zqH9F5gBXu-iUKXqZ3jZ,{},['Assam'],DTU-CMSGUY,State,Infra,,"['Agriculture,Rural & Environment']",Distribution Of Tractor Unit Under CMSGUY,,3.0,dtu-cmsguy,"The ""Distribution of Tractor Unit"" scheme is meant to revive the agricultural sector and help in doubling the farmer’s income by 2022. The government will provide one tractor along with some necessary accessories in each revenue village at subsidized rates. 10,000+ tractors will be distributed.","['Subsidy', 'Agriculture', 'Farming']",2025-11-26T22:18:29.576638
9qG1F5gBXu-iUKXqKXTI,{},['Arunachal Pradesh'],Ccdp,State,Infra,,"['Agriculture,Rural & Environment']",Crop Cluster Development Programme,,3.0,ccdp,"The CCDP aims to develop organized marketing and improve the livelihoods of horticulture farmers in Baagwani Villages through on-farm and marketing support, promoting sustainable agriculture-based livelihoods.","['Crop', 'Financial Assistance', 'Farmers']",2025-11-26T22:18:29.576638
CaG1F5gBXu-iUKXqnHXx,{},['All'],PKVY,Central,Infra,Ministry Of Agriculture and Farmers Welfare,"['Agriculture,Rural & Environment']",Paramparagat Krishi Vikas Yojana,,3.0,pkvy,"The Paramparagat Krishi Vikas Yojana (PKVY), launched in 2015, is an extended component of Soil Health Management (SHM) under the Centrally Sponsored Scheme (CSS), National Mission on Sustainable Agriculture (NMSA). ","['Organic Farming', 'Soil Health', 'Pesticide-free Agriculture']",2025-11-26T22:18:29.576638
DaG1F5gBXu-iUKXqnXVa,{},['All'],NBM,Central,Infra,Ministry Of Agriculture and Farmers Welfare,"['Agriculture,Rural & Environment']",National Bamboo Mission,,3.0,nbm,Restructured National Bamboo Mission was launched during 2018-19 as a Centrally Sponsored Scheme (CSS) after the historical amendment of the Indian Forest Act during 2017 to exclude bamboo out from definition of tree. ,"['Bamboo Marketing', 'Quality Planting Material', 'Bamboo Plantation', 'Product Development']",2025-11-26T22:18:29.576638
R8a1F5gB0AGc0F0ioDR5,{},['All'],MIDH,Central,Infra,Ministry Of Agriculture and Farmers Welfare,"['Agriculture,Rural & Environment']",Mission on Integrated Development of Horticulture- NHM and HMNEH,,3.0,midh,"In 2014-15, the Government of India launched Mission for Integrated Development of Horticulture (MIDH) subsuming the ongoing schemes viz., NHM, HMNEH, CDB, NHB, CIH and NBM.  ","['Horticulture', 'Infrastructure', 'Post-harvest', 'Green Houses', 'Poly Houses', 'Nurseries']",2025-11-26T22:18:29.576638
rxe5F5gB5uF80_MGwZCJ,{},['Gujarat'],HTASC(HRT4),State,Infra,,"['Agriculture,Rural & Environment']",Harvesting Tools Assistance for Scheduled Castes (HRT-4),,3.0,htaschrt4,"Under the scheme, financial assistance is provided to farmers belonging to the SC category as well as to FPOs (Farmers Producer Organizations), FPCs (Farmers Producer Companies), FIGs (Farmer Interest Groups), SHGs (Self-Help Groups), and Cooperative Societies for purchasing harvesting tools.","['Harvesting Tool', 'Scheduled Caste', 'HRT-4', 'Farmer', 'Financial Assistance', 'Cooperative Society', 'FPO', 'FPC', 'FIG', 'SHG']",2025-11-26T22:18:29.576638
9KG5F5gBXu-iUKXq23Vp,{},['Gujarat'],HTAST(HRT3),State,Infra,,"['Agriculture,Rural & Environment']",Harvesting Tools Assistance for Scheduled Tribes (HRT-3),,3.0,htasthrt3,"Under the scheme, financial assistance is provided to farmers belonging to the ST category as well as to FPOs (Farmers Producer Organizations), FPCs (Farmers Producer Companies), FIGs (Farmer Interest Groups), SHGs (Self-Help Groups), and Cooperative Societies for purchasing harvesting tools.","['Harvesting Tools', 'Scheduled Tribes', 'HRT-3', 'Financial Assistance', 'Farmer', 'Cooperative Society', 'FPO', 'FPC', 'FIG', 'SHG']",2025-11-26T22:18:29.576638
DhfZF5gB5uF80_MGUZMe,{},['Bihar'],TMVSY-AJJAP,State,Infra,,"['Agriculture,Rural & Environment', 'Skills & Employment']",Talab Matsyiki Vishesh Sahayata Yojana (Anusuchit Jaati/Janajati/Ati Pichhada),,3.0,tmvsy-ajjap,"The Bihar Government's Animal and Fisheries Resources Department has introduced the ""Talab Matsyiki Vishesh Sahayata Yojana (Anusuchit Jaati/Janajati/Ati Pichhada)"" aims to support fish farmers by providing financial and technical assistance for pond construction, installation of necessary equipment","['Scheduled Caste', 'Tribe', 'Most Backward', 'Farmers']",2025-11-26T22:18:29.576638
KcbZF5gB0AGc0F0iWTcq,{},['Bihar'],PKTNAMPY,State,Infra,,"['Agriculture,Rural & Environment']",Pathari Kshetr Talab Nirman Aadharit Matsya Paalan ki Yojana,,3.0,pktnampy,"The ""Pathari Kshetr Talab Nirman Aadharit Matsya Paalan ki Yojana"" aims to promote fisheries by constructing ponds and setting up related supporting units in plateau-dominated districts. The initiative is designed to create new employment opportunities and provide a means of livelihood for farmers.","['Fish Farmer', 'Financial Assistance', 'Ponds', 'Opportunities']",2025-11-26T22:18:29.576638
jBe9F5gB5uF80_MGbJGD,{},['Tamil Nadu'],FIG,State,Infra,,"['Agriculture,Rural & Environment']",Farmers Interest Group (FIG),,3.0,fig,"The “Farmers Interest Group (FIG)” scheme supports every group of 15 farmers with grants for agricultural development. The scheme offers assistance for office equipment, training, ID cards, and district-level meetings.
","['Agriculture', 'Farmer', 'Farmers Interest Group', 'FIG']",2025-11-26T22:18:29.576638
8aG_F5gBXu-iUKXqiHaJ,{},['Jharkhand'],IFS,State,Infra,,"['Agriculture,Rural & Environment']",Integrated Fisheries Scheme,,3.0,ifs,"The ""Integrated Fisheries Scheme"" by the Fisheries Division, Government of Jharkhand, aims to promote fish-duck farming and increase fish farmers' income. The scheme provides financial assistance of up to 80% for eligible SC/ST/women beneficiaries and 70% for others.","['Financial Assistance', 'Fish Farmer', 'Scheduled Tribes', 'Scheduled Castes', 'Women']",2025-11-26T22:18:29.576638
7KG_F5gBXu-iUKXqhnbx,{},['Gujarat'],SACEIASRE,State,Infra,,"['Business & Entrepreneurship', 'Agriculture,Rural & Environment']",Scheme of Assistance for Common Environment Infrastructure: Scheme of Assistance for Strengthening the Regulation and Environmental Compliance,2025-08-06,3.0,saceiasre,"The scheme ""Scheme of Assistance for Common Environment Infrastructure"" under the Gujarat Industrial Policy aims to provide incentives for environmental compliance to ensure long-term economic and ecological balance.

","['Entrepreneurship', 'Environment Infrastructure', 'Environmental Compliance']",2025-11-26T22:18:29.576638
VcbAF5gB0AGc0F0iczYT,{},['Gujarat'],SPAFSG,State,Infra,,"['Agriculture,Rural & Environment']",Scheme to Provide Assistance for Setting Up Farmer Support Centers in State Market Committees and for Computerization of All Market Committees,,3.0,spafsg,"This scheme has been introduced by the Agriculture, Farmers Welfare and Cooperation Department, Gujarat. It aims to establish farmer support centers at market committee levels and computerize all market committees in Gujarat.","['Agriculture', 'Farmer Support Centers', 'Computerization', 'Market Committees']",2025-11-26T22:18:29.576638
N6E9GJgBXu-iUKXqBnkL,{},['Gujarat'],IFSPETA,State,Infra,,"['Agriculture,Rural & Environment']",To Increase Fish Seed Production and Inland Fisheries Equipment in Tribal Areas,,3.0,ifspeta,"This scheme has been introduced by the Agriculture, Farmers Welfare and Cooperation Department, Gujarat. It aims to enhance fish production and provide employment opportunities to Scheduled Tribes (ST) individuals engaged in inland fisheries.

","['Agriculture', 'Farmer', 'Fishing Activities', 'Boat-net', 'Fish Seed', 'Scheduled Tribe', 'Training']",2025-11-26T22:18:29.576638
rKHrF5gBXu-iUKXqdHgj,{},['Gujarat'],SPSMCT,State,Infra,,"['Agriculture,Rural & Environment']",Scheme to Provide Assistance to Sate Market Committees as well as Taluka-District Co-operative Purchase and Sale Union to Construct Large Size Warehouse Godowns,,3.0,spsmct,"This scheme has been introduced by the Agriculture, Farmers Welfare and Cooperation Department, Gujarat. It aims to provide financial assistance to State Market Committees and Taluka-District Co-operative Purchase and Sale Unions for constructing large-sized warehouse godowns","['Agriculture', 'Market Committee', 'Warehouse Godowns']",2025-11-26T22:18:29.576638
SMbAF5gB0AGc0F0ibzZH,{},['All'],NLMPPE,Central,Infra,"Ministry of Fisheries,Animal Husbandry and Dairying","['Business & Entrepreneurship', 'Agriculture,Rural & Environment']",National Livestock Mission: Promotion of Piggery Entrepreneur,,3.0,ppe,The scheme aims to promote entrepreneurship in pig farming by providing a one-time capital subsidy of up to ₹30 lakh to eligible entrepreneurs and organizations to establish breeder farms.,"['Enterpreneurship', 'Subsidy', 'Genetic Upgradation', 'Pork Export', 'Pork Production', 'Piggery', 'Entrepreneur']",2025-11-26T22:18:29.576638
KhfAF5gB5uF80_MGbpLe,{},['All'],NLMGIPBIEPG,Central,Infra,"Ministry of Fisheries,Animal Husbandry and Dairying","['Agriculture,Rural & Environment', 'Business & Entrepreneurship']",National Livestock Mission: Genetic Improvement of Pig Breeds - Import of Exotic Pig Germplasm,,3.0,iepg,The scheme aims to enhance indigenous pig productivity through genetic upgradation. The scheme supports the establishment of pig semen collection and processing labs and the import of exotic pig germplasm.,"['Pig', 'Pig Semen', 'Import Exotic Pig', 'Pig Germplasm', 'Livestock Agencies', 'Livestock Board', 'Animal Husbandry']",2025-11-26T22:18:29.576638
WKE9GJgBXu-iUKXqD3k0,{},['Gujarat'],CDGSTA,State,Infra,,"['Agriculture,Rural & Environment']",Construction of Dudhghar/ Godown (Scheduled Tribe Area),,3.0,cdgsta,"The scheme ""Construction of Dudhghar/ Godown (Scheduled Tribe Area)"" provides financial assistance for the construction of Dudhghar (milk storage unit) and Godown (cattle feed storage) for Village Milk Producer Co-operative Societies in Scheduled Tribe areas of Gujarat.","['Animal Husbandry', 'Dairy Development', 'Godown Construction', 'Cattle Feed Storage', 'Scheduled Tribe', 'ST']",2025-11-26T22:18:29.576638
8he_F5gB5uF80_MGiZG_,{},['Goa'],FRANCIS,State,Infra,,"['Transport & Infrastructure', 'Agriculture,Rural & Environment']",Fair Recreational Activity and Non-Competitive Involvement in Sports Urban Connect Scheme (F.R.A.N.C.I.S Urban Connect Scheme),,3.0,francis,"""Fair Recreational Activity and Non-Competitive Involvement in Sports Urban Connect Scheme (F.R.A.N.C.I.S Urban Connect Scheme)"" aims to provide safe play areas for healthy recreation and sports to urban communities. Assistance is provided to develop safe play areas in urban spaces.","['Recreation', 'Urban', 'Sports', 'Playground']",2025-11-26T22:18:29.576638
MhfAF5gB5uF80_MGb5KZ,{},['Gujarat'],CMFMC,State,Infra,,"['Agriculture,Rural & Environment', 'Business & Entrepreneurship']",Creation of Modern Facilities in Market Committee: Scheme to provide assistance foe setting up modern facilities in Market Committee,,3.0,cmfmc,"This scheme has been introduced by the Agriculture, Farmers Welfare and Cooperation Dept., Gujarat. It aims to provide financial assistance to Market Committees for setting up modern facilities, improving agricultural infrastructure, and enhancing the competitiveness of agricultural markets.","['Agriculture', 'Market Committee', 'Modern Facilities']",2025-11-26T22:18:29.576638
qcbqF5gB0AGc0F0i-Tdx,{},['Gujarat'],SFSOISF,State,Infra,,"['Agriculture,Rural & Environment']",Scheme for Supply of Improved Seeds for Fodder,,3.0,sfsoisf,"The ""Scheme for Supply of Improved Seeds for Fodder"" aims to supply improved quality fodder seeds to registered Gaushalas and Panjarapols to ensure round-the-year green fodder availability for livestock.

","['Agriculture', 'Seed Supply', 'Fodder']",2025-11-26T22:18:29.576638
tRdp_pgB5uF80_MGH5T1,{},['Gujarat'],ASCFPSSGUJ,State,Infra,,"['Agriculture,Rural & Environment']",Assistance to Scheduled Castes for Fisheries: Prawn Seed Stocking Gujarat,,3.0,ascfpssguj,The scheme aims to increase fish production by rearing fish in reservoirs and to provide employment to Scheduled Caste (SC) individuals involved in inland fisheries activities.,"['Fish Production', 'Fish Farming', 'Fishermen', 'Fish Farmer', 'Prawn Seed Stocking']",2025-11-26T22:18:29.576638
GBe3F5gB5uF80_MGMpDd,{},['All'],DSCTA:ECC,Central,Infra,Ministry Of Commerce And Industry,"['Agriculture,Rural & Environment']",Development Support for Coffee in Traditional Areas: Eco-certification of Coffee,,3.0,dsctaecc,The scheme encourages coffee growers to access high-value speciality markets through the production of eco-certified coffees to realize higher returns by adhering to a set of standards that help in the communication of the various conditions surrounding the production of coffee.,"['Coffee', 'Farmer', 'Agriculture', 'Subsidy', 'DBT']",2025-11-26T22:18:29.576638
vMa4F5gB0AGc0F0iLjQ3,{},['Goa'],CFM,State,Infra,,"['Agriculture,Rural & Environment']",Construction of Fish Markets,,3.0,cfm,"“Construction of Fish Markets” is a scheme by the Dept. of Fisheries, Govt. of Goa. Through this scheme, subsidy is provided to the local bodies such as Municipalities and Village Panchayat in the State of Goa for the construction of fish markets. The applications are accepted only in offline mode.","['Market', 'Infrastructure', 'Fish', 'Subsidy', 'Financial Assistance']",2025-11-26T22:18:29.576638
c8a3F5gB0AGc0F0iMjQz,{},['All'],TDPS:PDSTG:MISG,Central,Infra,Ministry Of Commerce And Industry,"['Agriculture,Rural & Environment']",Tea Development and Promotion Scheme (TDPS): Plantation Development for Small Tea Growers (PDSTG): Mechanization for Individual Small Growers,,3.0,tdpspdstgmisg,"The objective of this component is to increase the production, productivity and quality of tea, overall development of small tea growers to help them move up in the value chain, sustainability of production by promoting organic tea cultivation& climate resilient tea and to make them self-reliant.","['Tea', 'Plantation', 'Agriculture', 'Farmer', 'Subsidy']",2025-11-26T22:18:29.576638
u6H9F5gBXu-iUKXqYnj2,{},['Madhya Pradesh'],AVGSY,State,Infra,,"['Agriculture,Rural & Environment']",Acharya Vidyasagar Gau Samvardhan Yojana,,3.0,avgsy,"The objective of this scheme is to Increase in milk production, improving the economic status of the beneficiaries, increase in milk production capacity of animals and provide employment opportunities.
","['Animal Husbandary', 'Dairy', 'Milk Production', 'Cow', 'Veterinary']",2025-11-26T22:18:29.576638
nxe0F5gB5uF80_MGFI_b,{},['All'],GOBARDHAN,Central,Infra,Ministry Of Jal Shakti,"['Utility & Sanitation', 'Agriculture,Rural & Environment']",Galvanizing Organic Bio-Agro Resources Dhan (GOBARdhan),,3.0,gobardhan,GOBARdhan Scheme was launched in April 2018 as a part of the Solid and Liquid Waste Management component under Swachh Bharat Mission (Grameen) to positively impact village cleanliness and generate wealth and energy from cattle and organic waste. The main focus of GOBARDHAN is to keep villages clean.,"['Solid Waste Management', 'Agriculture', 'Renewable Energy']",2025-11-26T22:18:29.576638
1aG0F5gBXu-iUKXqFXTV,{},['Telangana'],Haritha Haram,State,Infra,,"['Agriculture,Rural & Environment']",Haritha Haram,,3.0,haritha-haram,The objective of the Haritha Haram program is to increase the green cover of the state from the existing 24% to 33% by planting and nurturing millions of saplings every year. The program also aims to create awareness among the public about the importance of preserving and protecting the environment.,"['Haritha Haram', 'Forest Department', 'Haritha Mitra Awards', 'Telangana Ku Haritha Haram']",2025-11-26T22:18:29.576638
pRe0F5gB5uF80_MGFY-n,{},['All'],RGSA,Central,Infra,Ministry Of Panchayati Raj,"['Utility & Sanitation', 'Agriculture,Rural & Environment', 'Transport & Infrastructure']",Rashtriya Gram Swaraj Abhiyan,2026-03-31,3.0,rgsa,"Rashtriya Gram Swaraj Abhiyan (RGSA) was launched on 24th April 2018 'National Panchayat Day' by the Hon'ble Prime Minister, an umbrella scheme of the Ministry of Panchayati Raj. It is a unique scheme proposed to develop and strengthen the Panchayati Raj System across India in rural areas.",[],2025-11-26T22:18:29.576638
xaG0F5gBXu-iUKXqEHRF,{},['All'],SMAM,Central,Infra,Ministry Of Agriculture and Farmers Welfare,"['Agriculture,Rural & Environment']",Sub-mission On Agriculture Mechanization,,3.0,smam,The Sub-Mission on Agricultural Mechanization was launched in 2014-15 by the Ministry of Agriculture and Farmers’ Welfare. ,"['Sub-Mission', 'Agriculture', 'Mechanization', 'SMAM']",2025-11-26T22:18:29.576638
r6GzF5gBXu-iUKXqjHQ4,{},['Himachal Pradesh'],HPMVSSPS,State,Infra,,"['Utility & Sanitation', 'Agriculture,Rural & Environment']",Himachal Pradesh Maharishi Valmiki Sampoorn Swachata Puraskar (state Sanitation Reward Scheme),,3.0,hpmvssp,"The Maharishi Valmiki Sampoorn Swachata Puruskar (MVSSP) is a scheme under the Swachh Bharat Mission (G), Rural Development Department, H.P Government to identify and recognize the cleanest Gram Panchayat at various levels, including block, district, division, and state. ","['Award', 'Sanitation', 'Panchayat', 'Competition']",2025-11-26T22:18:29.576638
_qG1F5gBXu-iUKXqLHSs,{},['Arunachal Pradesh'],CMKSY,State,Infra,,"['Agriculture,Rural & Environment']",Chief Minister’s Krishi Samuh Yojana,,3.0,cmksy,The Govt. of Arunachal Pradesh started the scheme “Chief Minister’s Krishi Samuh Yojana (CMKSY)” to empower the farmers through a cooperative approach by Institutionalisation of Farmers’ Producers’ Organisation and infusing timely support of good agriculture practices and marketing interventions.,"['Farmer', 'Farmers Producer’s Organization', 'Agriculture', 'Financial Assistance']",2025-11-26T22:18:29.576638
Lca1F5gB0AGc0F0iLDSE,{},['Arunachal Pradesh'],CMWRS,State,Infra,,"['Agriculture,Rural & Environment']",Chief Minister’s White Revolutions Scheme,,3.0,cmwrs,The CMWRS is a scheme aimed at boosting milk production and rejuvenating cooperative systems in five potential districts of Arunachal Pradesh. It targets 200 dairy farmers in a cooperative model to create subsistence means of livelihood for poor farmers and enhance organic agricultural productivity.,"['Poverty Alleviation', 'Organic Farming', 'Livelihood']",2025-11-26T22:18:29.576638
EKG1F5gBXu-iUKXqnXWf,{},['All'],AMI,Central,Infra,Ministry Of Agriculture and Farmers Welfare,"['Agriculture,Rural & Environment', 'Transport & Infrastructure']",Agricultural Marketing Infrastructure,,3.0,ami,The revitalized and farmers’ income enhancing centric sub-scheme Agricultural Marketing Infrastructure (AMI) of Integrated Scheme for Agricultural Marketing (ISAM) is meant for holistic development of agricultural value chain critically focusing each linkage of post-harvest value chain.,"['Agricultural Marketing', 'Storage Infrastructure', 'Promoter', 'Farmer']",2025-11-26T22:18:29.576638
Rsa1F5gB0AGc0F0inzRQ,{},['All'],APFEPSA,Central,Infra,Ministry Of Commerce And Industry,"['Agriculture,Rural & Environment']",Agriculture And Processed Foods Export Promotion Scheme Of APEDA For The 15th Finance Commission Cycle (2021-22 To 2025-26),,3.0,financial-assistance-scheme,The Financial Assistance Scheme (FAS) is an export promotion scheme run by APEDA. The scheme aims to facilitate the export of agri-products by providing assistance to exporters.,"['Agriculture', 'Processed Food', 'Export Promotion', 'APEDA', 'Export Infrastructure', 'Quality Development', 'Market Development', 'Financial Assistance']",2025-11-26T22:18:29.576638
Dsa5F5gB0AGc0F0ixjVV,{},['Gujarat'],ATES/GEPHMSC(HRT4),State,Infra,,"['Agriculture,Rural & Environment']","Assistance for Tools, Equipment, Shorting/Grading Equipment, PHM Equipment for Scheduled Castes (HRT-4)",,3.0,atesgephmschrt4,"Under the scheme, financial assistance is provided to farmers belonging to the Scheduled Castes category as well as to farmer groups and cooperative societies for purchasing various tools, equipment, sorting/grading equipment, and Post-Harvest Management (PHM) equipment. ","['Tools', 'Equipment', 'Scheduled Caste', 'HRT-4', 'Farmer', 'Financial Assistance', 'Post-Harvest Management', 'Farmer Group', 'Cooperative Society', 'Horticulture']",2025-11-26T22:18:29.576638
Pca7F5gB0AGc0F0iUzWk,{},['West Bengal'],FSSM,State,Infra,,"['Agriculture,Rural & Environment']",Financial Support Scheme for Farm Mechanization (FSSM),,3.0,fssm,"""Financial Support Scheme for Farm Mechanization (FSSM)"" by the Agriculture Department, Government of West Bengal aims to provide financial support as subsidy to the small and marginal farmers of the State for purchase of power operated farm equipment/ machinery.
","['Agriculture', 'Farmer', 'Mechanization', 'Financial Assistance']",2025-11-26T22:18:29.576638
fsbmF5gB0AGc0F0i3zev,{},['All'],NLMESSB,Central,Infra,"Ministry of Fisheries,Animal Husbandry and Dairying","['Agriculture,Rural & Environment', 'Health & Wellness']",National Livestock Mission: Establishment of State Semen Bank ,,3.0,essb,"""Establishment of State Semen Bank (Genetic Improvement of Sheep and Goat breeds)"" aims at the genetic improvement of sheep/goat breeds through selective breeding by propagation of superior male germplasm through artificial insemination. ","['Gene', 'Sheep', 'Goat', 'Buffalo', 'Semen', 'Bank']",2025-11-26T22:18:29.576638
46G_F5gBXu-iUKXqg3YH,{},['Jharkhand'],FERTS,State,Infra,,"['Agriculture,Rural & Environment']","Fish Extension, Research, and Training Scheme",,3.0,ferts,"The Fish Extension, Research, and Training Scheme by the Department of Fisheries, Government of India aims to promote sustainable fishing practices and improve fish production. Through this scheme, financial and technical assistance are provided to fish farmers and others in the fisheries sector.","['Financial Assistance', 'Fishermen', 'Training', 'Skill Development']",2025-11-26T22:18:29.576638
tKG9F5gBXu-iUKXq4XbV,{},['Gujarat'],SAEPAEP,State,Infra,,"['Business & Entrepreneurship', 'Agriculture,Rural & Environment']",Scheme of Assistance for Environment Protection Measures: Scheme for assistance to Environment Management,,3.0,saepaep,"The ""Scheme of Assistance for Environment Protection Measures"" under the Gujarat Industrial Policy promotes sustainable industrial growth by supporting industries in adopting eco-friendly practices and ensuring compliance with environmental norms, effective from August 7th, 2020 to August 6th, 2025.","['Business', 'Entrepreneurship', 'Environmental Management', 'Energy Conservation', 'Environmental Compliance']",2025-11-26T22:18:29.576638
phe9F5gB5uF80_MG4JH8,{},['Gujarat'],SAEPEGP,State,Infra,,"['Business & Entrepreneurship', 'Agriculture,Rural & Environment']",Scheme of Assistance for Environment Protection Measures: Scheme for assistance to encouraging Green Practices and Environmental Audit to MSMEs,,3.0,saepegp,"The ""Scheme of Assistance for Environment Protection Measures"" under the Gujarat Industrial Policy promotes sustainable industrial growth by supporting industries in adopting eco-friendly practices and ensuring compliance with environmental norms, effective from August 7th, 2020 to August 6th, 2025.","['Business', 'Entrepreneurship', 'Environmental Management', 'Environmental Compliance', 'Green Practices']",2025-11-26T22:18:29.576638
7Re_F5gB5uF80_MGiJGk,{},['Gujarat'],SACEIEIF,State,Infra,,"['Business & Entrepreneurship', 'Agriculture,Rural & Environment']",Scheme of Assistance for Common Environment Infrastructure: Financial Assistance for Common Environmental Infrastructure Facilities,,3.0,saceieif,"The scheme ""Scheme of Assistance for Common Environment Infrastructure"" under the Gujarat Industrial Policy aims to provide incentives for environmental compliance to ensure long-term economic and ecological balance.","['Entrepreneurship', 'Environment Infrastructure']",2025-11-26T22:18:29.576638
sMbrF5gB0AGc0F0idDeG,{},['Gujarat'],APAPUSMC,State,Infra,,"['Agriculture,Rural & Environment']",Scheme to Provide Assistance to Processing Units in State Market Committees,,3.0,apapusmc,"This scheme has been introduced by the Agriculture, Farmers Welfare and Cooperation Department, Gujarat. It aims to support market committees in Gujarat by providing financial assistance for the establishment of processing units.

","['Agriculture', 'Processing Units', 'Market Committees']",2025-11-26T22:18:29.576638
FBc9GJgB5uF80_MGBZT1,{},['Gujarat'],ATSCF,State,Infra,,"['Agriculture,Rural & Environment']",Assistance to Scheduled Castes for Fisheries,,3.0,ifspta,"This scheme has been introduced by the Agriculture, Farmers Welfare and Cooperation Department, Gujarat. It aims to enhance fish production and provide employment opportunities to Scheduled Caste (SC) individuals engaged in inland fisheries.","['Agriculture', 'Farmer', 'Fishing Activities', 'Boat-net', 'Fish Seed']",2025-11-26T22:18:29.576638
HRc9GJgB5uF80_MGB5TU,{},['Gujarat'],IFSIFNTA,State,Infra,,"['Agriculture,Rural & Environment']",To Increase Fish Seed Production and Inland Fisheries Equipment in Non-Tribal Areas,,3.0,ifsifnta,"This scheme has been introduced by the Agriculture, Farmers Welfare and Cooperation Department, Gujarat. It aims to enhance fish seed production and promote inland fisheries in non-tribal areas.","['Agriculture', 'Farmer', 'Fish Farming']",2025-11-26T22:18:29.576638
pcbqF5gB0AGc0F0i8jfb,{},['Gujarat'],SPABEM,State,Infra,,"['Agriculture,Rural & Environment']",A Scheme to Provide Assistance for Building E-Market Facilities in Market Committees,,3.0,spabem,"This scheme provides financial assistance to market committees in Gujarat to establish e-market facilities, aligning with the National Agriculture Market Policy for a unified national e-market.

","['Agriculture', 'E-Market']",2025-11-26T22:18:29.576638
KRfAF5gB5uF80_MGbpLT,{},['Gujarat'],PFSSCO,State,Infra,,"['Agriculture,Rural & Environment']",Package for strengthening to sugar co-operatives as may be policy decided by the State Government,,3.0,pfssco,"This scheme has been introduced by the Agriculture, Farmers Welfare and Cooperation Department, Gujarat. It aims to support sugar co-operatives by providing financial assistance for modernization, diversification, organic fertilizer production to enhance sugarcane farming and the sugar industry.","['Agriculture', 'Farmer', 'Sugar Co-operatives', 'Bio Compost Sale']",2025-11-26T22:18:29.576638
Nhc9GJgB5uF80_MGFJTo,{},['Gujarat'],CDGSCA,State,Infra,,"['Agriculture,Rural & Environment']",Construction of Dudhghar/ Godown (Scheduled Caste Area),,3.0,cdgsca,"The scheme ""Construction of Dudhghar/ Godown (Scheduled Caste Area)"" provides financial assistance for the construction of Dudhghar (milk storage unit) and Godown (cattle feed storage) for Village Milk Producer Co-operative Societies in Scheduled Caste areas of Gujarat.

","['Animal Husbandry', 'Dairy Development', 'Godown Construction', 'Cattle Feed Storage', 'Scheduled Caste', 'SC']",2025-11-26T22:18:29.576638
LKHAF5gBXu-iUKXqbnf5,{},['Gujarat'],IASCASF,State,Infra,,"['Agriculture,Rural & Environment']","Incentive Assistance to Scheduled Caste Farmers to Increase the Area, Production and Productivity of Sugarcane Farming",,3.0,iascasf,"This scheme has been introduced by the Agriculture, Farmers Welfare and Cooperation Department, Gujarat. It aims to provide financial assistance to SC farmers to increase sugarcane production and productivity through quality seeds, modern farming practices, and agricultural mechanization.","['Agriculture', 'Farmer', 'Incentive', 'Scheduled Caste', 'SC', 'Sugarcane Farming']",2025-11-26T22:18:29.576638
E6G_F5gBXu-iUKXq8nfc,{},['Arunachal Pradesh'],ANPPY,State,Infra,,"['Agriculture,Rural & Environment', 'Banking,Financial Services and Insurance']",Atma Nirbhar Pashu Palan Yojana,,3.0,anppy,"The scheme aims to enhance rural livelihoods, promote sustainable animal husbandry practices, & contribute to self-reliance in livestock sector. Under this scheme, financial assistance is provided to unemployed individuals, SHGs, cooperative societies, etc. for livestock rearing & allied activities.","['Subsidy', 'Farmer', 'SHGs', 'FPO', 'Animal Husbandry', 'Livestock Rearing']",2025-11-26T22:18:29.576638
Fhe_F5gB5uF80_MG9JLl,{},['Gujarat'],FDSGPGP,State,Infra,,"['Agriculture,Rural & Environment']","Fodder Development Scheme For Gram Panchayat, Gaushala And Panjarpol Having Gauchar Land",,3.0,fdsgpgp,This scheme provides financial assistance for the development and improvement of gauchar (pasture) land to promote green fodder cultivation and ensure better health and productivity of cattle. ,"['Agriculture', 'Animal Husbandry', 'Fodder Development']",2025-11-26T22:18:29.576638
lsYreZgB0AGc0F0i3DgG,{},['Gujarat'],ASCFFSGUJ,State,Infra,,"['Agriculture,Rural & Environment']",Assistance to Scheduled Castes for Fisheries: Fish Seed Stocking - Gujarat,,3.0,ascffsguj,The scheme aims to increase fish production by rearing fish in reservoirs and provide employment to Schedule Caste (SC) people involved in inland fisheries activities. ,"['Fish Production', 'Fish Farming', 'Fishermen', 'Fish Farmer', 'Fish Seed Stocking']",2025-11-26T22:18:29.576638
mcY3eZgB0AGc0F0iPjhC,{},['Gujarat'],ASCFSEGUJ,State,Infra,,"['Agriculture,Rural & Environment']",Assistance to Scheduled Castes for Fisheries: Scheme For Fish Sale Equipment - Gujarat,,3.0,ascfseguj,"The scheme aims to increase fish production and provide employment to Scheduled Caste (SC) individuals engaged in inland fisheries. Through this scheme, financial assistance is provided for purchasing fish sale equipment to SC fish farmers and fishermen.","['Fish Production', 'Fish Farming', 'Fishermen', 'Fish Farmer', 'Fish Sale Equipments']",2025-11-26T22:18:29.576638
waGi25gBXu-iUKXqrnmx,{},['Gujarat'],CSSPTDCP,State,Infra,,"['Agriculture,Rural & Environment']",COP-37 (General Area) 50% Capital Subsidy Scheme for Project of Taluka & District Co-op. Purchase Sale Union,,3.0,cssptdcp,"The scheme aims to financially strengthen cooperative purchase and sale unions through 50% capital subsidy for project development such as procurement, processing, marketing, and storage activities.","['Cooperative Union', 'Agriculture Subsidy', 'Sale Union']",2025-11-26T22:18:29.576638
vsal25gB0AGc0F0iQTgl,{},['Gujarat'],SGAPUG,State,Infra,,"['Agriculture,Rural & Environment']",Scheme for Granting Assistance to Processing Units in APMC (General Area),,3.0,sgapug,The scheme aims to promote agro-processing and value addition by providing capital investment assistance to private entrepreneurs operating in regulated APMC areas (general zones).,"['Agro Processing', 'Processing Units', 'Agricultural Marketing', 'Food Industry']",2025-11-26T22:18:29.576638
wqGk25gBXu-iUKXqYnlV,{},['Gujarat'],SCUCCOCSC,State,Infra,,"['Agriculture,Rural & Environment']",Scheduled Castes Unsalaried Credit Co-operative Society and Credit and Supply Co-operative Scheme for Providing Managerial Assistance and Computer–Furniture to the Society,,3.0,scuccocsc,The scheme aims to uplift Scheduled Castes by providing managerial salary and computer–furniture assistance to eligible cooperative societies.,"['Scheduled Caste', 'Co-operative Societies', 'Computer And Furniture Grant', 'Agriculture']",2025-11-26T22:18:29.576638
1aFp_pgBXu-iUKXqL3ko,{},['Gujarat'],ASCFBNGUJ,State,Infra,,"['Agriculture,Rural & Environment']",Assistance to Scheduled Castes for Fisheries: Boat Net Gujarat,,3.0,ascfbnguj,"The scheme aims to assist boat nets, which are provided to Scheduled Caste (SC) fishermen and fish farmers, to increase fish production by rearing fish in reservoirs and providing employment to SC individuals involved in inland fisheries. ","['Fish Production', 'Fish Farming', 'Fishermen', 'Fish Farmer', 'Boat Net']",2025-11-26T22:18:29.576638
daF3KZoBXu-iUKXqyXrC,{},['Uttarakhand'],ABKMKUP,State,Infra,,"['Agriculture,Rural & Environment']",Akhil Bhartiya Kisan Mela and Krishi Udyog Pradarshani,,3.0,aikmkue,"The scheme aims to provide a platform for farmers, agri-entrepreneurs, and stakeholders to access, learn about, and showcase the latest agricultural innovations, technologies, and practices.","['Agricultural Exhibition', 'Farmer', 'Fair', 'Entrepreneur']",2025-11-26T22:18:29.576638
dhfBF5gB5uF80_MG_5Ln,{},['Haryana'],IFDPSPFN,State,,,"['Agriculture,Rural & Environment']",Intensive Fisheries Development Programme - Subsidy on Purchase of Fishing Nets (Scheduled Caste),,,safpofn,"The scheme aims to provide financial assistance to individuals from Scheduled Caste families engaged in fishing activities for the purchase of fishing nets. Under this scheme, a 60% subsidy or up to ₹24,000, on the purchase of fishing nets worth ₹40,000/- will be provided to eligible beneficiaries.","['Fishing Nets', 'Subsidy', 'Fishermen', 'Scheduled Caste', 'Fisheries']",2025-11-26T22:18:29.576638
i6HCF5gBXu-iUKXqCncn,{},['Haryana'],EOLHR,State,,,"['Agriculture,Rural & Environment', 'Social welfare & Empowerment']",PMMSY: Establishment of large RAS / Biofloc culture system - Haryana,,,eol,"The scheme provides capital assistance for setting up large-scale Recirculatory Aquaculture Systems (RAS) and Biofloc culture systems to promote high-yield, sustainable fish farming.","['Fish', 'Aquaculture', 'Biofloc', 'Farming', 'RAS']",2025-11-26T22:18:29.576638
chfBF5gB5uF80_MG_pKx,{},['Haryana'],EOS,State,,,"['Agriculture,Rural & Environment', 'Social welfare & Empowerment']",PMMSY: Establishment of small RAS /Biofloc culture system - Haryana,,,eos,"The scheme provides capital assistance for setting up small-scale Recirculatory Aquaculture Systems (RAS) and Biofloc culture systems to promote high-yield, sustainable fish farming.","['Aquaculture', 'Farmer', 'Fish', 'Financial Assistance']",2025-11-26T22:18:29.576638
Mca_F5gB0AGc0F0i8TaI,{},['Gujarat'],APNFUSCST,State,,,"['Agriculture,Rural & Environment']",Assistance to Farmers in Purchasing Nano Fertilizers Under the Agricultural Assistance Program for Farmers Other than Scheduled Castes and Scheduled Tribes,,,apnfuscst,"This scheme offers financial assistance to farmers from non-SC/ST categories to support the purchase of Nano Fertilizers, aiming to enhance agricultural productivity and uplift the standard of living of farmers in Gujarat.

","['Agriculture', 'Nano Fertilizers', 'Farmer']",2025-11-26T22:18:29.576638
MMZhd5kB0AGc0F0iVjl-,{},['Chhattisgarh'],SGEDS,State,,,"['Agriculture,Rural & Environment']",State Goat Entrepreneurship Development Scheme,,,sgeds,"The ""State Goat Entrepreneurship Development Scheme"", initiated by the Animal Husbandry Department of Chhattisgarh, aims to promote goat farming as a sustainable livelihood option. Goat rearing has been a traditional occupation, and with increasing demand for milk and meat.","['Agriculture', 'Animal', 'Goat', 'Financial Assistance']",2025-11-26T22:18:29.576638
JaFhd5kBXu-iUKXqO3py,{},['Chhattisgarh'],RDUVY,State,,,"['Agriculture,Rural & Environment']",Rajya Dairy Udhyamita Vikas Yojna,,,rduvy,"The ""Rajya Dairy Udhyamita Vikas Yojna"", under the Animal Husbandry Department of Chhattisgarh, aims to promote dairy entrepreneurship among youth. With the increasing demand for milk and dairy products, the scheme supports high-breed cow/buffalo rearing as a profitable business.","['Agriculture', 'Animal', 'Dairy', 'Financial Assistance']",2025-11-26T22:18:29.576638
JMa6F5gB0AGc0F0iQzXt,{},['Puducherry'],DHKURA,State,,,"['Agriculture,Rural & Environment']",Distribution of Horticulture Kit to Urban and Rural Areas,,,dhkura,"Through this scheme, all the horticulture growers in rural & urban areas are provided with a horticulture kit worth ₹ 3,000 per kit to urban and rural areas, during Aadipattam/Thaipattam, through the Additional Director of Agriculture (Horticulture).","['Horticulture', 'Agriculture', 'Farmer', 'Subsidy', 'DBT']",2025-11-26T22:18:29.576638
L8Zhd5kB0AGc0F0iJDlX,{},['Chhattisgarh'],MPDS,State,,,"['Agriculture,Rural & Environment']",Male Pig Distribution Scheme,,,mpds,"The ""Male Pig Distribution Scheme"", under the Animal Husbandry Department, Government of  Chhattisgarh, provides a grant to beneficiaries from the SC/ST category for purchasing one male pig of an improved breed (Middle White Yorkshire).","['Animal', 'Scheduled Castes', 'Scheduled Tribes', 'Male Pig']",2025-11-26T22:18:29.576638
O8a5fJkB0AGc0F0imzkF,{},['Chhattisgarh'],PTMSDRPA,State,,,"['Agriculture,Rural & Environment']",Paddy Transplantor Machine se Dhan Ropayee par Anudan,,,ptmsdrpa,"The scheme aims to promote mechanized paddy transplantation under the Agriculture Development and Farmer Welfare and Biotechnology Department, Chhattisgarh. It provides ₹3,000 per acre for land preparation, including ploughing and weeding, up to 2 hectares.","['Agriculture', 'Farming', 'Farmer', 'Financial Assistance']",2025-11-26T22:18:29.576638
cxfBF5gB5uF80_MG_5IX,{},['Haryana'],IFDPSCFWV,State,,,"['Agriculture,Rural & Environment', 'Transport & Infrastructure']",Intensive Fisheries Development Programme - Subsidy on Commercial Four-Wheeler Vehicles,,,socfwv,"The scheme aims to strengthen the fisheries value chain by providing transportation support to fish farmers. Under this scheme, eligible fish farmers receive a subsidy of 25% of the actual cost on the purchase of a commercial four-wheeler vehicle used for fisheries-related activities.","['Subsidy', 'Four-wheeler', 'Fishermen', 'Fish Transportation', 'Commercial Vehicle']",2025-11-26T22:18:29.576638
RxeBMJgB5uF80_MGPZRJ,{},['Maharashtra'],CHIEF MINISTER SUSTAINABLE AGRICULTURE IRRIGATION SCHEME,State,,,"['Agriculture,Rural & Environment']",Chief Minister Sustainable Agriculture Irrigation Scheme - Magel Tyala Shettale (Individual Farm Pond) ,,,chief-minister-sustainable-agriculture-irrigation-scheme,Under this scheme subsidy payable to individual farmer is minimum Rs.14433/- and maximum Rs.75000/- depending on the size of the farm pond.,"['MahaDBT', 'Individual Farm Pond', 'Magel Tyala Shettale', 'Chatrapati Shivaji Maharaj Krishi Yojana']",2025-11-26T22:18:29.576638
e8YIPJgB0AGc0F0iQDg5,{},['All'],DEVELOPMENT SUPPORT FOR COFFEE FARMERS PRODUCER ORGANIZATIONS (FPOS),Central,,Ministry Of Commerce And Industry,"['Agriculture,Rural & Environment']","Development Support for Coffee in Traditional Areas, Non-Traditional Area and North Eastern Region : Farmers Producer Organizations (FPOs)",,,development-support-for-coffee-farmers-producer-organizations-fpos,"To provide broad-based supportive ecosystem to facilitate development of vibrant, socially and economically sustainable coffee communities.","['Coffee Grower', 'Farmers Producer Organizations FPO']",2025-11-26T22:18:29.576638
isbCF5gB0AGc0F0iCDYI,{},['Haryana'],EOM,State,,,"['Agriculture,Rural & Environment', 'Social welfare & Empowerment']",PMMSY: Establishment of Medium RAS / Biofloc culture system - Haryana,,,eom,The scheme provides capital assistance to fish farmers and entrepreneurs for establishing medium-scale Recirculatory Aquaculture Systems (RAS) and Biofloc systems.,"['Aquaculture', 'RAS', 'Biofloc Systems', 'Fish', 'Farming']",2025-11-26T22:18:29.576638
